ra,ra_error,dec,dec_error,pmra,pmra_error,pmdec,pmdec_error,parallax,parallax_error,parallax_over_error,ra_dec_corr,phot_g_mean_flux,phot_g_mean_mag,phot_bp_mean_flux,phot_bp_mean_mag,phot_rp_mean_flux,phot_rp_mean_mag,bp_rp,bp_g,g_rp
261.909753,0.088507,58.263091,0.095152,0.047313,0.127013,-0.217188,0.138455,-0.045794,0.093097,-0.491894,0.240080,1380.633474,17.837172,563.802046,18.460726,1126.161494,17.118895,1.341831,0.623554,0.718277
260.762138,0.093245,57.458133,0.092188,0.094262,0.142202,-0.304380,0.116596,0.081173,0.095431,0.850596,0.006845,937.436868,18.257511,421.276993,18.777122,744.531422,17.568188,1.208935,0.519611,0.689323
260.628308,0.237035,57.596155,0.243924,0.365421,0.343603,0.348706,0.347323,-0.117443,0.249041,-0.471584,0.071810,254.763024,19.672026,122.359568,20.119448,180.109116,19.109056,1.010391,0.447422,0.562969
260.515676,0.058770,57.691281,0.059690,0.149663,0.075194,-0.181550,0.079940,0.028798,0.063715,0.451983,0.148934,2231.651085,17.315802,900.980009,17.951754,1879.997332,16.562502,1.389252,0.635952,0.753300
260.755085,0.221556,57.782224,0.238558,-0.069853,0.287514,0.015698,0.303493,-0.239883,0.254184,-0.943737,-0.042713,336.808610,19.368910,157.076880,19.848261,251.279199,18.747503,1.100758,0.479351,0.621407
259.678986,0.073114,57.647126,0.073369,0.117609,0.089216,-0.098656,0.103218,-0.228237,0.077798,-2.933719,0.086206,1774.980415,17.564383,737.538249,18.169081,1465.278402,16.833096,1.335985,0.604698,0.731287
259.554193,0.096540,57.712916,0.112870,-0.063476,0.116515,-0.345081,0.139702,0.038897,0.102100,0.380974,0.092310,1158.141504,18.027964,498.317994,18.594776,940.094211,17.314966,1.279810,0.566813,0.712997
258.924735,0.248161,57.618180,0.261477,0.333010,0.334811,-0.583517,0.352755,0.236077,0.254892,0.926183,-0.010109,326.659577,19.402128,134.937641,20.013210,251.508488,18.746513,1.266697,0.611082,0.655615
259.390202,0.194467,57.683873,0.209255,0.248310,0.228095,0.120599,0.270714,0.028849,0.187128,0.154167,0.205313,392.783842,19.201982,176.159605,19.723776,290.991687,18.588194,1.135582,0.521793,0.613789
259.412685,0.302177,57.721426,0.343188,-0.125341,0.356526,0.654273,0.412118,-0.026893,0.304001,-0.088464,0.191162,228.506015,19.790123,115.682795,20.180370,164.129862,19.209927,0.970444,0.390247,0.580196
259.330557,0.389480,57.715987,0.418748,0.112455,0.472713,-0.118697,0.548791,-0.202468,0.385475,-0.525242,0.187857,163.379091,20.154375,83.550980,20.533663,112.769782,19.617414,0.916248,0.379288,0.536961
259.442365,0.080920,57.706067,0.092050,0.004677,0.098884,-0.282927,0.112969,-0.075340,0.080767,-0.932807,0.206505,1641.755692,17.649096,681.741884,18.254492,1371.580383,16.904842,1.349649,0.605396,0.744253
259.627263,0.091390,57.862960,0.114412,-0.175158,0.125076,-0.403618,0.170072,0.088860,0.111194,0.799142,0.230178,987.345790,18.201193,435.382794,18.741364,777.093300,17.521713,1.219650,0.540171,0.679480
259.370191,0.500874,57.822040,0.608465,0.416612,0.648024,0.745258,0.913693,1.054155,0.544185,1.937125,0.133042,117.903548,20.508549,63.702028,20.828159,68.974526,20.151175,0.676985,0.319611,0.357374
259.231740,0.067773,57.787975,0.069766,-0.083891,0.090881,-0.236225,0.093221,-0.173202,0.069704,-2.484836,0.096295,1684.760671,17.621021,731.011229,18.178732,1367.744062,16.907883,1.270849,0.557711,0.713139
259.544771,0.185223,57.841932,0.248531,-0.074159,0.243535,0.284363,0.293735,-0.158736,0.211396,-0.750893,0.198163,358.457270,19.301273,174.065650,19.736759,260.414653,18.708733,1.028027,0.435486,0.592541
259.503290,0.259687,57.856614,0.327526,-0.564453,0.352200,-0.515200,0.430533,-0.044584,0.288813,-0.154368,0.198478,239.016212,19.741299,124.996924,20.096294,157.531312,19.254478,0.841816,0.354996,0.486820
259.543285,0.041596,57.869169,0.057825,0.082562,0.059605,-0.282583,0.072156,-0.003364,0.046657,-0.072101,0.181711,4360.217674,16.588596,1622.632671,17.312992,3915.373415,15.765963,1.547029,0.724396,0.822634
259.593025,0.199951,57.896383,0.245533,0.105802,0.275450,0.042594,0.368016,-0.197380,0.242129,-0.815185,0.174408,329.049563,19.394213,161.420713,19.818644,246.036004,18.770399,1.048244,0.424431,0.623814
259.485350,0.147250,57.900192,0.178920,-0.140480,0.191308,-0.088344,0.225265,-0.066128,0.155033,-0.426540,0.190951,527.256473,18.882313,240.263918,19.386822,409.503657,18.217251,1.169571,0.504509,0.665062
259.448119,0.402607,57.907769,0.452335,-0.925006,0.458325,-0.310028,0.599387,0.737294,0.417546,1.765778,0.272392,185.828070,20.014589,100.205104,20.336317,115.952838,19.587193,0.749125,0.321728,0.427397
259.574309,0.254359,57.938111,0.310672,-0.519511,0.317120,-0.429723,0.386783,0.254473,0.273947,0.928913,0.299227,273.497881,19.594982,142.079715,19.957212,195.871805,19.017965,0.939247,0.362230,0.577017
259.055776,0.295523,57.754214,0.310082,-0.486902,0.371528,-0.143705,0.384219,0.127559,0.302900,0.421126,0.111037,219.200851,19.835260,107.747104,20.257528,154.281784,19.277109,0.980419,0.422268,0.558151
259.115802,0.040963,57.802378,0.042175,0.012883,0.055311,-0.245642,0.055282,0.012944,0.041460,0.312199,0.093670,4126.813525,16.648331,1527.699176,17.378448,3701.755490,15.826877,1.551572,0.730118,0.821454
258.908322,0.305407,57.751171,0.334717,0.026829,0.396580,1.161176,0.479604,-0.171277,0.335168,-0.511020,0.078356,228.705859,19.789173,113.115668,20.204735,160.471469,19.234402,0.970333,0.415562,0.554771
259.332560,0.146743,57.960948,0.166562,-0.190248,0.202298,-0.007168,0.220792,0.190121,0.161567,1.176729,-0.037742,570.364834,18.796986,261.098059,19.296534,414.100792,18.205130,1.091404,0.499548,0.591856
259.431108,0.265163,57.954289,0.280786,0.044533,0.361933,-0.324320,0.350082,0.662839,0.276884,2.393923,0.106720,228.232374,19.791424,98.996951,20.349487,170.051626,19.171444,1.178043,0.558064,0.619980
259.480724,0.078572,57.933088,0.094725,0.012989,0.110623,-0.147201,0.122578,0.012373,0.084683,0.146114,0.200418,1431.970374,17.797531,623.835189,18.350868,1145.327146,17.100571,1.250298,0.553337,0.696960
259.499678,0.292301,57.944908,0.350349,-0.669726,0.397422,-0.605141,0.461737,0.238425,0.319440,0.746384,0.258732,210.265490,19.880447,91.479731,20.435230,154.153364,19.278013,1.157217,0.554783,0.602434
259.410827,0.081969,57.981825,0.090837,0.061671,0.110898,-0.253225,0.116106,-0.005263,0.089428,-0.058857,0.108521,1138.863094,18.046188,515.945650,18.557032,897.682036,17.365089,1.191942,0.510843,0.681099
259.526165,0.122142,58.032055,0.151459,0.004606,0.176338,0.127411,0.210376,-0.071692,0.140895,-0.508832,0.168976,659.188303,18.639843,308.074864,19.116901,462.931255,18.084105,1.032797,0.477058,0.555738
259.533601,0.043926,58.029682,0.055978,0.152768,0.060766,-0.051795,0.076862,0.001359,0.050595,0.026854,0.156893,3705.712944,16.765188,1413.932099,17.462471,3263.692022,15.963623,1.498848,0.697283,0.801565
259.168553,0.072646,57.918880,0.079806,0.031966,0.095485,-0.037141,0.107501,-0.157254,0.079270,-1.983771,0.106597,1434.778379,17.795404,612.054796,18.371567,1166.337673,17.080835,1.290731,0.576162,0.714569
259.292497,0.297163,57.973479,0.327328,-0.092255,0.397760,-0.466561,0.432367,-0.260289,0.325272,-0.800220,0.100240,234.093085,19.763895,118.069909,20.158194,179.722618,19.111389,1.046804,0.394299,0.652506
259.294465,0.184962,57.994682,0.203344,0.217464,0.247559,-0.585281,0.257649,-0.711224,0.200211,-3.552375,0.156916,380.093240,19.237642,173.539288,19.740047,270.213586,18.668627,1.071421,0.502405,0.569016
259.421999,0.073027,58.012176,0.077158,0.130161,0.096893,-0.193223,0.100137,-0.103451,0.079070,-1.308349,0.112772,1366.226126,17.848560,617.822130,18.361383,1063.129856,17.181429,1.179955,0.512823,0.667131
259.337191,0.086385,58.032571,0.095210,-0.030273,0.115974,-0.144621,0.122882,-0.012613,0.094404,-0.133605,0.123979,1030.128844,18.155138,458.291124,18.685688,816.175925,17.468435,1.217253,0.530550,0.686703
259.410727,0.043088,58.077510,0.048378,-0.025388,0.056435,-0.277194,0.061531,0.016115,0.048030,0.335513,0.118929,3386.417542,16.863016,1330.285299,17.528681,2911.604483,16.087564,1.441116,0.665665,0.775452
259.517379,0.343590,58.102137,0.365995,0.103289,0.490365,-0.538687,0.491868,-0.411568,0.380792,-1.080820,0.101775,168.923948,20.118139,70.701434,20.714972,120.587921,19.544636,1.170336,0.596832,0.573503
259.493253,0.079098,58.099777,0.085059,-0.115846,0.103078,-0.020922,0.107814,-0.010495,0.089463,-0.117308,0.025377,1358.093375,17.855043,580.291451,18.429426,1100.117821,17.144297,1.285130,0.574383,0.710747
259.979424,0.209970,57.550054,0.190762,0.671458,0.305711,-0.000554,0.280976,0.287580,0.196775,1.461472,0.077722,348.054028,19.333250,163.502138,19.804733,265.539634,18.687572,1.117161,0.471483,0.645678
260.040274,0.486493,57.582623,0.397790,0.163901,0.701108,0.310148,0.612265,0.540365,0.420055,1.286415,0.168893,148.133735,20.260733,77.965667,20.608784,103.088290,19.714872,0.893911,0.348051,0.545860
260.213149,0.120089,57.637256,0.111820,0.025595,0.156359,-0.284193,0.162497,-0.172137,0.118144,-1.457012,0.197594,830.835859,18.388578,376.000688,18.900570,640.790581,17.731106,1.169464,0.511992,0.657473
259.882808,0.074678,57.559642,0.069922,0.168289,0.105256,-0.249238,0.096041,-0.174839,0.074614,-2.343247,0.091871,1648.802781,17.644445,716.168354,18.201004,1354.160495,16.918720,1.282284,0.556559,0.725725
260.092438,0.310820,57.697742,0.317553,-0.374221,0.385487,-1.316840,0.470703,0.489047,0.344546,1.419396,0.040336,196.672453,19.953009,104.504040,20.290710,133.133269,19.437180,0.853531,0.337702,0.515829
260.104290,0.313592,57.741929,0.324134,0.077393,0.371610,0.126921,0.455498,-0.179308,0.328646,-0.545597,0.150737,171.931899,20.098976,100.603858,20.332006,114.793836,19.598099,0.733908,0.233030,0.500877
260.265378,0.236714,57.665066,0.230737,-0.260235,0.315518,-0.832073,0.346341,0.187123,0.241181,0.775864,0.179388,294.386169,19.515074,144.228435,19.940914,206.356786,18.961349,0.979565,0.425840,0.553724
260.515007,0.123804,57.751994,0.125025,-0.037908,0.164297,-0.141986,0.165965,-0.020854,0.134091,-0.155522,0.153934,732.699619,18.525051,323.346406,19.064373,555.624252,17.885942,1.178431,0.539322,0.639109
260.612997,0.141820,57.765093,0.139095,-0.254589,0.189824,-0.182225,0.181345,0.043653,0.163398,0.267159,0.000903,661.013606,18.636841,302.947786,19.135122,500.731317,17.998884,1.136238,0.498281,0.637957
260.599729,0.358347,57.768058,0.334232,0.238449,0.456450,-0.306995,0.423303,-0.120599,0.364286,-0.331056,0.089752,193.982120,19.967962,91.268175,20.437744,129.620162,19.466213,0.971531,0.469782,0.501749
260.297749,0.305433,57.741007,0.289255,-0.081662,0.345342,-0.015542,0.374730,0.248964,0.333541,0.746427,0.059794,226.968219,19.797455,122.756162,20.115934,162.748977,19.219099,0.896835,0.318480,0.578356
260.231346,0.104989,57.742865,0.106365,0.097753,0.127195,-0.154676,0.152458,0.060939,0.111558,0.546252,0.106999,769.680012,18.471592,329.729655,19.043148,592.942308,17.815365,1.227783,0.571556,0.656227
260.389002,0.234727,57.774463,0.247115,0.293595,0.274650,-0.554440,0.334565,0.122539,0.260924,0.469636,0.051394,260.137530,19.649359,123.055706,20.113287,184.829092,19.080969,1.032318,0.463928,0.568390
260.414026,0.068452,57.777794,0.068439,0.221938,0.086360,-0.103880,0.098276,-0.006771,0.071989,-0.094049,0.109293,1712.771786,17.603119,690.196383,18.241110,1423.800803,16.864273,1.376837,0.637991,0.738846
260.418144,0.049888,57.792217,0.046924,0.079533,0.061084,-0.046785,0.064341,-0.083997,0.050305,-1.669756,0.024165,3166.538595,16.935905,1226.405456,17.616957,2773.691639,16.140249,1.476707,0.681051,0.795656
260.241905,0.162543,57.774417,0.168162,0.279652,0.195822,-0.233402,0.242448,-0.067219,0.175695,-0.382589,0.052580,418.845198,19.132233,195.305185,19.611757,322.527527,18.476479,1.135279,0.479525,0.655754
260.293313,0.086939,57.798127,0.084241,-0.025351,0.104387,-0.041968,0.116328,0.019145,0.090893,0.210633,0.131967,1159.712752,18.026491,508.935161,18.571886,947.431755,17.306526,1.265360,0.545395,0.719965
260.268651,0.334371,57.788258,0.316234,0.187587,0.428149,0.511283,0.430809,-0.166602,0.351321,-0.474216,0.083681,182.904501,20.031805,92.902925,20.418468,105.726004,19.687441,0.731028,0.386663,0.344364
260.246640,0.167679,57.794775,0.169788,0.104502,0.196750,-0.046823,0.238516,-0.090174,0.177955,-0.506723,0.120584,455.557450,19.041010,210.995586,19.527859,328.027380,18.458120,1.069738,0.486849,0.582890
260.327552,0.294006,57.795454,0.295440,0.249665,0.376714,0.010590,0.416417,-0.542763,0.313298,-1.732420,0.058667,184.778087,20.020741,95.308676,20.390711,109.986812,19.644545,0.746166,0.369970,0.376196
260.376147,0.059008,57.837857,0.053035,0.037675,0.067989,-0.027742,0.071041,0.030271,0.060872,0.497297,0.041130,2666.332552,17.122581,1064.388723,17.770792,2296.893797,16.345043,1.425749,0.648211,0.777538
260.454908,0.120197,57.893621,0.106422,0.103739,0.138532,-0.308955,0.149824,-0.237687,0.126024,-1.886040,0.019377,902.580786,18.298651,408.431330,18.810745,715.298043,17.611677,1.199068,0.512094,0.686974
260.544593,0.062027,57.899266,0.054880,0.023529,0.073873,-0.139760,0.070669,-0.026164,0.062914,-0.415863,-0.016472,2814.031566,17.064045,1127.754953,17.708006,2412.658066,16.291656,1.416349,0.643961,0.772388
259.743265,0.174505,57.624293,0.175980,-0.587899,0.223617,-0.284380,0.258688,-0.077082,0.181975,-0.423587,0.023012,429.066443,19.106056,199.256662,19.590010,323.113490,18.474508,1.115501,0.483953,0.631548
259.711914,0.168238,57.693717,0.176196,-0.442675,0.214347,-0.027700,0.254083,-0.141801,0.177051,-0.800904,0.130916,433.342134,19.095289,205.738447,19.555254,323.389451,18.473581,1.081673,0.459965,0.621708
259.791248,0.308744,57.704160,0.327947,0.412040,0.379620,-0.456611,0.442834,-0.371710,0.312729,-1.188601,0.105317,178.552202,20.057955,115.289351,20.184069,100.919023,19.737963,0.446106,0.126114,0.319992
259.893175,0.092443,57.769878,0.088892,-0.128583,0.113569,-0.013317,0.116212,-0.063429,0.090733,-0.699071,0.199538,1090.352870,18.093449,498.068825,18.595320,846.365215,17.429001,1.166319,0.501871,0.664448
260.003877,0.236966,57.753103,0.240688,0.420164,0.287221,0.309403,0.378339,-0.251187,0.246899,-1.017370,0.105051,242.406497,19.726006,108.930361,20.245670,185.168442,19.078978,1.166693,0.519665,0.647028
260.040480,0.063315,57.774812,0.059269,-0.013282,0.077842,-0.226587,0.088005,-0.085439,0.063796,-1.339258,0.142487,2046.145571,17.410025,831.185357,18.039297,1718.724476,16.659880,1.379417,0.629272,0.750145
260.161933,0.279342,57.783559,0.282221,0.357428,0.337598,-0.342148,0.415532,-0.237231,0.292467,-0.811138,0.086537,201.904966,19.924500,86.533622,20.495581,131.884562,19.447411,1.048170,0.571081,0.477089
260.167452,0.060487,57.785258,0.062493,0.037938,0.072449,-0.254092,0.095702,0.051750,0.062808,0.823944,0.128313,1888.986316,17.496796,766.064888,18.127878,1565.005012,16.761606,1.366272,0.631083,0.735189
260.155126,0.265734,57.790864,0.266862,0.238436,0.319307,-0.546217,0.382346,-0.003487,0.277734,-0.012557,0.121094,246.959391,19.705803,118.322013,20.155878,173.179421,19.151655,1.004223,0.450075,0.554148
260.089291,0.344542,57.796162,0.338690,0.155585,0.399315,-0.170812,0.511869,0.369905,0.370516,0.998352,0.143610,172.975904,20.092403,103.561170,20.300550,99.096520,19.757750,0.542801,0.208147,0.334654
260.007312,0.110438,57.779580,0.107113,0.010239,0.131846,-0.302533,0.164085,0.050415,0.112699,0.447338,0.145730,752.949118,18.495453,333.352538,19.031282,577.129916,17.844711,1.186571,0.535830,0.650742
260.011497,0.174378,57.815869,0.162035,-0.040595,0.220168,-0.278071,0.251061,0.267984,0.179741,1.490945,0.167525,432.235214,19.098066,209.183084,19.537226,320.924015,18.481890,1.055336,0.439159,0.616177
260.068729,0.173779,57.811194,0.161662,0.054065,0.213859,0.005819,0.244595,-0.263890,0.175596,-1.502820,0.125900,409.334434,19.157171,198.691310,19.593096,299.620133,18.556469,1.036627,0.435925,0.600702
260.088008,0.063187,57.824208,0.055366,-0.040292,0.079616,-0.026041,0.086231,-0.044002,0.062498,-0.704065,0.196708,2336.428104,17.265985,941.715438,17.903744,1988.663397,16.501492,1.402252,0.637758,0.764494
260.103798,0.230532,57.811858,0.231674,0.200716,0.276055,-0.829757,0.329117,0.007206,0.241410,0.029851,0.155122,270.362040,19.607502,131.578092,20.040583,194.058796,19.028063,1.012520,0.433081,0.579439
260.139724,0.054059,57.838763,0.051623,0.074071,0.064805,-0.303935,0.074359,0.020954,0.054633,0.383538,0.169738,2655.347772,17.127064,1008.346902,17.829517,2313.746054,16.337107,1.492411,0.702454,0.789957
260.048480,0.074736,57.826771,0.069792,-0.003863,0.093142,-0.272245,0.106608,-0.026072,0.075264,-0.346405,0.178826,1462.466562,17.774652,623.892617,18.350767,1197.829046,17.051908,1.298859,0.576115,0.722744
260.131937,0.081715,57.848616,0.082754,-0.042270,0.099121,-0.412013,0.114684,-0.094895,0.085720,-1.107028,0.167591,1269.505220,17.928280,552.595416,18.482525,1016.751871,17.229858,1.252666,0.554245,0.698421
260.115266,0.341072,57.850176,0.350311,-0.773748,0.413123,0.052561,0.503648,-0.321722,0.365048,-0.881313,0.088770,170.100251,20.110605,102.175506,20.315176,110.880988,19.635754,0.679422,0.204571,0.474852
260.119081,0.360178,57.860422,0.355488,-0.556708,0.475321,0.183470,0.515480,-0.351527,0.371744,-0.945617,0.087290,161.513096,20.166847,73.638688,20.670776,117.160655,19.575941,1.094835,0.503929,0.590906
259.713856,0.132456,57.704454,0.141237,0.055662,0.160615,-0.124068,0.200803,0.272549,0.140546,1.939215,0.115762,626.070545,18.695808,287.907432,19.190411,475.671167,18.054628,1.135782,0.494602,0.641180
259.733654,0.150079,57.729246,0.151905,0.066514,0.175813,0.124030,0.217332,0.173088,0.152722,1.133351,0.204751,581.255080,18.776449,265.834196,19.277016,421.044853,18.187075,1.089941,0.500566,0.589375
259.768352,0.379213,57.747451,0.422374,0.771213,0.460916,-0.601490,0.627346,-0.790858,0.406718,-1.944487,0.053895,158.633037,20.186382,106.749793,20.267624,95.510992,19.797762,0.469862,0.081242,0.388620
259.838289,0.199056,57.758265,0.207280,-0.090397,0.239292,-0.310928,0.276043,0.206909,0.205160,1.008525,0.189930,321.337975,19.419962,154.694940,19.864851,237.449568,18.808968,1.055883,0.444889,0.610994
259.848788,0.163134,57.789656,0.162188,-0.030377,0.194621,-0.276313,0.214362,-0.248996,0.164107,-1.517283,0.182699,448.190859,19.058710,218.256366,19.491125,326.532166,18.463081,1.028044,0.432415,0.595629
259.894479,0.103513,57.801379,0.110514,0.323949,0.124588,-0.120404,0.147017,-0.102521,0.108640,-0.943678,0.206427,876.332953,18.330694,414.334495,18.795164,647.576178,17.719667,1.075497,0.464470,0.611027
259.874424,0.117411,57.804628,0.116099,0.223856,0.148705,-0.059976,0.154762,-0.000460,0.121214,-0.003796,0.227368,777.634156,18.460428,351.285142,18.974392,634.978803,17.740997,1.233395,0.513964,0.719431
259.704783,0.394062,57.758187,0.380534,-0.415697,0.513388,0.067266,0.644540,-0.151787,0.363913,-0.417097,0.177737,188.979752,19.996328,95.389460,20.389791,131.798391,19.448120,0.941671,0.393463,0.548208
259.767913,0.135188,57.785736,0.137845,-0.027975,0.162808,-0.596423,0.182038,-0.024077,0.137054,-0.175673,0.208911,572.595339,18.792747,269.464053,19.262291,425.298194,18.176161,1.086130,0.469543,0.616587
259.764884,0.069526,57.778443,0.069398,0.230965,0.086367,-0.017547,0.100188,-0.082963,0.069469,-1.194250,0.266593,1902.652090,17.488968,785.327998,18.100914,1616.202796,16.726656,1.374258,0.611946,0.762312
259.736938,0.147062,57.774572,0.151239,-0.124666,0.179197,-0.362886,0.213971,0.005908,0.151163,0.039084,0.170169,564.198822,18.808786,267.902284,19.268600,432.762519,18.157272,1.111328,0.459814,0.651514
259.759092,0.358704,57.798461,0.367717,0.377413,0.432248,-0.403749,0.564532,-0.533667,0.383560,-1.391351,0.250777,179.383449,20.052912,100.222178,20.336132,98.873897,19.760191,0.575941,0.283220,0.292721
259.742775,0.050911,57.815997,0.051636,-0.017793,0.064565,-0.293002,0.072595,-0.031549,0.053293,-0.591995,0.197665,2660.362106,17.125015,1055.834549,17.779552,2269.482965,16.358078,1.421474,0.654537,0.766937
259.833307,0.100946,57.818018,0.104199,-0.131665,0.122574,-0.360706,0.138054,-0.027257,0.102686,-0.265437,0.209501,891.672565,18.311853,409.353973,18.808294,701.533258,17.632774,1.175520,0.496441,0.679079
259.886659,0.120144,57.830222,0.120732,-0.080070,0.153193,-0.245904,0.160988,0.073409,0.120236,0.610547,0.108329,730.269351,18.528660,302.432871,19.136971,570.459546,17.857334,1.279636,0.608311,0.671326
259.843826,0.117590,57.836945,0.126847,0.102398,0.154940,-0.130602,0.173020,-0.081279,0.125172,-0.649339,0.146261,673.037408,18.617270,283.472300,19.207266,522.081377,17.953550,1.253716,0.589996,0.663719
259.827620,0.115554,57.850958,0.125356,0.250490,0.149386,0.105953,0.170763,0.074627,0.123583,0.603861,0.134842,678.539667,18.608429,321.244556,19.071453,507.272981,17.984791,1.086662,0.463024,0.623638
259.935178,0.247002,57.790935,0.256252,-0.373024,0.287311,-0.333826,0.349532,0.248805,0.260933,0.953520,0.175547,256.659917,19.663971,125.907238,20.088415,195.245645,19.021442,1.066973,0.424444,0.642529
259.920690,0.298226,57.800957,0.302428,-0.188191,0.361616,-0.902529,0.415562,-0.185022,0.305524,-0.605588,0.148229,194.532503,19.964886,105.173512,20.283775,116.713612,19.580091,0.703684,0.318890,0.384794
259.948686,0.045100,57.810153,0.042727,-0.041006,0.057495,-0.198196,0.065625,0.007563,0.046529,0.162552,0.197587,3724.981703,16.759556,1398.227922,17.474598,3312.719651,15.947433,1.527164,0.715042,0.812122
259.990238,0.040575,57.834856,0.039458,0.025822,0.049672,-0.237343,0.059087,-0.027272,0.042696,-0.638760,0.161894,4247.362454,16.617069,1526.245221,17.379482,3923.384946,15.763743,1.615739,0.762413,0.853326
260.022190,0.076197,57.838368,0.071873,0.024163,0.093604,-0.307633,0.110211,0.055909,0.077464,0.721739,0.161445,1376.210714,17.840654,595.677698,18.401014,1116.015231,17.128719,1.272295,0.560360,0.711935
259.907078,0.158070,57.821803,0.161768,0.018886,0.183783,-0.194904,0.215713,0.050967,0.162243,0.314141,0.190891,475.252858,18.995054,197.945115,19.597179,354.075744,18.375154,1.222025,0.602125,0.619900
259.989117,0.332655,57.849178,0.338029,-0.069573,0.440737,0.653908,0.503244,-0.309382,0.376290,-0.822189,0.130545,178.616513,20.057564,84.852373,20.516882,113.628825,19.609175,0.907707,0.459318,0.448389
260.008124,0.118669,57.858422,0.116979,0.077867,0.145145,-0.489344,0.171476,-0.001641,0.127985,-0.012819,0.091739,724.842083,18.536758,323.780634,19.062916,557.986564,17.881336,1.181580,0.526157,0.655422
259.976368,0.368728,57.856215,0.368550,-0.590624,0.481641,0.466479,0.641509,0.251181,0.368854,0.680978,0.269718,168.101683,20.123436,94.204342,20.403364,128.245619,19.477789,0.925575,0.279928,0.645647
259.982962,0.207788,57.856797,0.216130,0.180617,0.257918,0.041626,0.327825,0.298692,0.222972,1.339592,0.169487,305.204767,19.475889,146.553470,19.923552,225.739226,18.863878,1.059673,0.447662,0.612011
260.080486,0.226477,57.855408,0.224256,0.716579,0.278614,-0.481287,0.334690,0.062936,0.247690,0.254092,0.085674,300.500610,19.492754,147.318772,19.917896,226.452839,18.860451,1.057446,0.425142,0.632303
260.123680,0.282552,57.872725,0.288801,0.058148,0.353006,0.842653,0.419924,-0.142100,0.303628,-0.468009,0.091366,213.457299,19.864090,100.182655,20.336561,133.351804,19.435398,0.901163,0.472471,0.428692
260.056360,0.058622,57.866437,0.053815,0.078161,0.077008,-0.083089,0.082594,-0.000998,0.057265,-0.017434,0.160815,2375.760279,17.247860,942.168095,17.903221,2006.881873,16.491590,1.411631,0.655361,0.756269
260.067213,0.051747,57.882217,0.050441,-0.004377,0.067068,-0.235712,0.076329,0.030488,0.053411,0.570816,0.093262,2520.764839,17.183537,1036.217196,17.799915,2101.582341,16.441530,1.358385,0.616379,0.742006
260.043225,0.110330,57.886802,0.109345,-0.302620,0.144896,-0.256588,0.168855,0.262176,0.115101,2.277787,0.063809,751.428242,18.497648,322.285511,19.067940,597.351110,17.807322,1.260618,0.570292,0.690327
260.028773,0.075192,57.876964,0.076101,-0.000277,0.104423,-0.378676,0.119208,0.113464,0.076854,1.476351,0.216363,1430.894965,17.798347,604.856560,18.384411,1176.298060,17.071602,1.312809,0.586063,0.726746
260.045219,0.184642,57.882631,0.180551,-0.210181,0.249463,-0.236866,0.290997,-0.173955,0.182277,-0.954342,0.140745,392.228905,19.203518,188.935575,19.647758,299.304219,18.557613,1.090145,0.444241,0.645905
260.050360,0.146639,57.883672,0.145511,-0.223179,0.200397,-0.298552,0.227470,0.329314,0.146024,2.255201,0.179361,522.095153,18.892992,227.852250,19.444408,396.482637,18.252335,1.192074,0.551416,0.640657
260.070768,0.069298,57.886728,0.070479,0.084057,0.090079,-0.326350,0.102897,-0.061909,0.073190,-0.845868,0.103487,1520.651325,17.732292,637.129168,18.327974,1272.822097,16.985977,1.341997,0.595682,0.746315
260.064233,0.142892,57.891734,0.146683,0.218291,0.194861,0.007958,0.227586,-0.050819,0.143996,-0.352920,0.204031,614.918955,18.715322,291.675239,19.176292,458.036360,18.095646,1.080647,0.460970,0.619677
260.058901,0.319143,57.880371,0.327822,0.025311,0.410698,0.213265,0.499139,0.153394,0.347006,0.442052,0.071606,184.322652,20.023420,94.343014,20.401768,136.916060,19.406759,0.995008,0.378347,0.616661
260.120101,0.102424,57.892514,0.102549,-0.134498,0.130414,-0.225036,0.145374,-0.170266,0.107603,-1.582344,0.053377,891.412603,18.312170,407.686501,18.812727,688.505138,17.653128,1.159599,0.500557,0.659042
260.125361,0.251606,57.896340,0.263676,0.095925,0.320108,-0.268241,0.367463,-0.137873,0.273505,-0.504096,0.057987,234.057183,19.764063,131.599479,20.040407,146.587808,19.332651,0.707756,0.276344,0.431412
260.100642,0.214113,57.897871,0.224779,0.759937,0.274567,-0.617352,0.332197,0.253463,0.238508,1.062705,0.064917,294.346976,19.515219,147.677396,19.915257,225.642886,18.864342,1.050915,0.400038,0.650877
260.081827,0.189730,57.900596,0.183522,-0.271698,0.240030,-0.111850,0.282039,0.024310,0.197231,0.123254,-0.002808,383.140336,19.228971,177.408589,19.716106,293.321815,18.579535,1.136572,0.487135,0.649437
260.113489,0.280496,57.915628,0.275503,0.254869,0.367907,-0.301316,0.419879,-0.163599,0.293029,-0.558302,0.059140,210.993035,19.876696,110.301688,20.232086,155.200107,19.270666,0.961420,0.355391,0.606030
260.127131,0.174108,57.917539,0.190338,0.246551,0.215888,0.274254,0.287921,-0.005369,0.194363,-0.027625,0.112663,530.612801,18.875423,230.268102,19.432959,398.198959,18.247644,1.185314,0.557535,0.627779
260.109971,0.336068,57.902824,0.304574,0.234884,0.384698,0.816198,0.452304,-0.014009,0.349772,-0.040053,0.011218,192.940913,19.973806,102.403523,20.312756,147.369087,19.326880,0.985876,0.338949,0.646927
260.002243,0.116014,57.882382,0.125098,-0.014655,0.152982,-0.255985,0.190424,0.153084,0.126481,1.210326,0.118557,689.258513,18.591412,298.409678,19.151510,544.711569,17.907478,1.244032,0.560099,0.683933
260.002878,0.047655,57.896257,0.051266,-0.096786,0.062338,-0.173119,0.076077,-0.036796,0.052267,-0.704004,0.093784,3086.564598,16.963678,1179.681879,17.659130,2714.559668,16.163647,1.495483,0.695452,0.800032
259.924354,0.035345,57.872013,0.042787,-0.014329,0.047691,-0.212379,0.053592,-0.021222,0.040629,-0.522320,0.187442,4799.055075,16.484478,1915.943362,17.132586,4160.958345,15.699912,1.432673,0.648108,0.784566
259.929962,0.113248,57.876315,0.129231,0.006692,0.145380,-0.113392,0.182770,-0.231082,0.125944,-1.834796,0.162862,712.291826,18.555721,346.667568,18.988760,562.006148,17.873543,1.115217,0.433039,0.682178
259.929827,0.241979,57.883654,0.285128,-0.444454,0.324035,-0.913111,0.398110,0.048860,0.268025,0.182298,0.200367,260.581215,19.647509,105.203033,20.283472,198.406308,19.004007,1.279465,0.635963,0.643501
259.967809,0.280221,57.886234,0.290907,0.072458,0.377591,-0.929728,0.468868,-0.212507,0.299546,-0.709429,0.102493,217.031338,19.846060,112.526003,20.210409,133.790126,19.431835,0.778574,0.364349,0.414225
259.973739,0.222994,57.894179,0.253137,0.158444,0.293542,-0.449676,0.368536,-0.287393,0.250760,-1.146088,0.084944,269.975034,19.609058,123.872145,20.106108,188.707732,19.058422,1.047686,0.497049,0.550636
259.992717,0.173511,57.908758,0.183786,-0.720911,0.231884,-0.556078,0.290835,0.003353,0.187582,0.017874,0.093174,428.198287,19.108255,194.000541,19.619036,333.992285,18.438555,1.180481,0.510780,0.669701
260.023646,0.158396,57.884362,0.163089,-0.064068,0.203622,-0.377003,0.242161,0.008627,0.172782,0.049932,0.095804,461.631475,19.026628,202.229666,19.573931,344.776624,18.404051,1.169880,0.547302,0.622578
260.030874,0.181727,57.886685,0.189412,0.478181,0.237284,0.278205,0.285138,-0.428605,0.198654,-2.157544,0.126407,348.026782,19.333336,162.245117,19.813112,273.237103,18.656546,1.156567,0.479776,0.676790
260.029749,0.238629,57.882635,0.251736,-0.532421,0.306804,-0.932323,0.385870,-0.231847,0.262085,-0.884623,0.109319,246.996769,19.705639,114.661504,20.189999,176.163983,19.133102,1.056896,0.484360,0.572536
260.053903,0.178806,57.900841,0.171784,0.026504,0.239602,0.004871,0.263106,-0.217461,0.183184,-1.187119,0.073316,408.693266,19.158873,191.624070,19.632418,305.168967,18.536545,1.095873,0.473545,0.622328
260.065569,0.217965,57.907652,0.213796,0.002620,0.273033,0.036470,0.331238,-0.194899,0.228151,-0.854256,0.026676,325.596173,19.405668,149.645276,19.900885,235.939785,18.815893,1.084991,0.495216,0.589775
260.033238,0.270528,57.897953,0.272714,-0.230342,0.353944,-0.227377,0.405452,-0.482686,0.286967,-1.682029,0.079756,229.003119,19.787764,106.406365,20.271124,154.254604,19.277300,0.993824,0.483360,0.510464
260.058544,0.176294,57.906935,0.171164,0.122565,0.231522,-0.071593,0.265021,0.113075,0.182866,0.618348,0.069942,441.378283,19.075340,227.433978,19.446404,323.609157,18.472843,0.973560,0.371063,0.602497
260.051944,0.409947,57.914519,0.408502,-0.898276,0.527510,-0.991573,0.619396,-0.040189,0.429800,-0.093505,0.027918,145.007224,20.283894,75.287618,20.646734,102.836433,19.717527,0.929207,0.362841,0.566366
260.066073,0.223740,57.917439,0.224412,-0.224440,0.297377,-0.426163,0.342821,-0.103033,0.235509,-0.437493,0.052618,272.615738,19.598490,135.081324,20.012054,208.553049,18.949854,1.062201,0.413565,0.648636
260.090030,0.299840,57.908524,0.324519,-0.344831,0.386662,-0.006476,0.509280,0.501199,0.328593,1.525288,0.077623,187.857286,20.002796,104.751932,20.288137,106.604652,19.678455,0.609682,0.285341,0.324341
260.102584,0.126596,57.920780,0.122069,-0.164140,0.159127,-0.297053,0.185333,0.110536,0.131270,0.842051,0.074000,638.342485,18.674732,288.332589,19.188808,471.854933,18.063374,1.125435,0.514076,0.611359
260.100451,0.136566,57.920941,0.127155,0.013525,0.181090,-0.628578,0.194342,0.170072,0.136858,1.242689,0.061877,599.402390,18.743071,279.557557,19.222364,453.938605,18.105402,1.116962,0.479294,0.637669
260.068297,0.227578,57.915779,0.226089,0.277372,0.294521,0.422257,0.337728,0.137018,0.241872,0.566488,0.048411,269.187614,19.612228,124.907760,20.097069,192.823272,19.034996,1.062073,0.484840,0.577232
260.071491,0.293358,57.912716,0.291898,-0.525263,0.375342,0.125520,0.464862,0.248518,0.311787,0.797075,0.064505,194.436943,19.965420,99.360456,20.345509,154.220585,19.277540,1.067968,0.380089,0.687880
260.099851,0.340570,57.926796,0.262849,-0.338849,0.418491,-0.037578,0.401701,0.464296,0.324175,1.432241,-0.016231,257.351078,19.661053,107.043452,20.264643,192.870883,19.034729,1.229914,0.603590,0.626324
260.113510,0.088224,57.936643,0.089782,0.046644,0.115928,-0.111877,0.132092,-0.210018,0.097395,-2.156354,0.060717,1176.896673,18.010521,505.971317,18.578228,962.353832,17.289558,1.288670,0.567707,0.720963
260.008245,0.197875,57.906184,0.219012,0.005392,0.260402,-0.203863,0.347668,-0.351448,0.217529,-1.615635,0.056487,345.009746,19.342789,170.839699,19.757071,262.953261,18.698198,1.058872,0.414282,0.644590
260.031053,0.107680,57.909066,0.111402,0.206768,0.141809,-0.188402,0.165907,0.151824,0.117788,1.288967,0.069643,770.782318,18.470037,340.298317,19.008892,610.190417,17.784231,1.224661,0.538855,0.685806
260.026731,0.258953,57.926197,0.263236,-0.134206,0.345489,-0.403110,0.404777,-0.049461,0.276754,-0.178720,0.035131,253.781981,19.676214,129.676095,20.056393,189.119148,19.056057,1.000336,0.380178,0.620157
260.027983,0.175050,57.931009,0.181410,0.107656,0.228879,-0.362775,0.275985,0.262499,0.190322,1.379240,0.048089,393.527910,19.199928,178.851775,19.707310,288.445169,18.597738,1.109571,0.507381,0.602190
260.049884,0.199719,57.941441,0.212798,0.022879,0.262676,0.411401,0.314554,-0.144713,0.220270,-0.656978,0.086513,325.282111,19.406717,152.084697,19.883327,256.429550,18.725475,1.157852,0.476610,0.681242
260.084386,0.221242,57.935885,0.232296,0.516489,0.286818,-0.483131,0.357432,-0.041772,0.248588,-0.168037,0.050660,282.862077,19.558430,149.914299,19.898935,233.921375,18.825220,1.073715,0.340506,0.733210
260.070893,0.080924,57.936745,0.078328,0.130942,0.106664,-0.089792,0.117097,0.015882,0.085277,0.186236,0.044393,1284.463158,17.915564,538.739845,18.510094,1042.234060,17.202982,1.307112,0.594530,0.712582
260.100742,0.101767,57.940496,0.100218,0.195598,0.133750,-0.321717,0.151136,0.218810,0.108108,2.023986,0.060342,839.686472,18.377073,372.648653,18.910294,657.720755,17.702791,1.207502,0.533220,0.674282
260.114067,0.056831,57.947871,0.056171,-0.011263,0.074762,-0.307490,0.084323,0.019431,0.060548,0.320919,0.045413,2313.886664,17.276512,925.129499,17.923037,1950.330409,16.522625,1.400412,0.646524,0.753887
260.118465,0.298900,57.946841,0.300191,0.395118,0.410807,0.130268,0.469120,0.293242,0.350483,0.836682,0.061188,224.762337,19.808058,110.463329,20.230497,163.430611,19.214561,1.015936,0.422440,0.593496
260.061696,0.137037,57.940403,0.138488,-0.104797,0.181821,-0.152921,0.215769,-0.089644,0.151125,-0.593180,0.049775,622.934385,18.701262,272.653185,19.249516,480.577096,18.043488,1.206028,0.548254,0.657774
260.084238,0.171473,57.948740,0.165170,0.565993,0.215738,-0.073861,0.255334,-0.231538,0.185048,-1.251229,0.034446,431.571894,19.099733,202.823874,19.570745,343.204087,18.409014,1.161732,0.471012,0.690720
260.063152,0.367421,57.942997,0.369293,-0.190245,0.484912,-0.264666,0.565347,-0.801986,0.403365,-1.988241,0.046047,155.306455,20.209393,87.939161,20.478086,112.139837,19.623495,0.854591,0.268694,0.585897
260.113398,0.338215,57.959413,0.364574,-0.709315,0.444957,-0.301039,0.544440,0.220272,0.382650,0.575650,-0.057707,190.609219,19.987007,105.148472,20.284035,118.970522,19.559298,0.724737,0.297028,0.427710
260.172938,0.117015,57.799080,0.117709,-0.151392,0.141332,-0.407599,0.166525,0.064647,0.121065,0.533985,0.103742,701.082007,18.572945,316.451650,19.087774,520.434301,17.956982,1.130793,0.514830,0.615963
260.223882,0.220808,57.824986,0.212821,0.285918,0.266814,0.002471,0.305168,-0.374939,0.224299,-1.671605,0.140213,301.131175,19.490479,141.283085,19.963316,209.524090,18.944811,1.018505,0.472837,0.545668
260.252477,0.100478,57.822550,0.101378,0.245534,0.119745,-0.220286,0.139877,0.037895,0.109083,0.347394,0.108499,911.474993,18.288006,400.744511,18.831373,719.722316,17.604982,1.226391,0.543367,0.683023
260.257389,0.203264,57.833146,0.201517,0.145941,0.242324,-0.553124,0.282310,-0.209444,0.217374,-0.963521,0.107629,352.577472,19.319231,166.062386,19.787865,257.761875,18.719849,1.068016,0.468634,0.599382
260.261911,0.140810,57.833339,0.140557,-0.102009,0.173319,-0.360832,0.197738,-0.144914,0.154597,-0.937364,0.099165,632.105920,18.685392,285.127970,19.200943,489.582153,18.023331,1.177612,0.515551,0.662062
260.189281,0.100387,57.816667,0.094530,-0.122027,0.126139,-0.345841,0.139370,0.068793,0.095475,0.720536,0.228678,1012.049674,18.174362,430.953414,18.752466,798.858557,17.491720,1.260746,0.578104,0.682642
260.181941,0.032506,57.812257,0.031772,0.094544,0.041242,-0.160953,0.046770,-0.020805,0.031268,-0.665380,0.251636,7136.608840,16.053637,2532.826916,16.829529,6560.012081,15.205634,1.623895,0.775892,0.848002
260.175397,0.146454,57.824830,0.142960,-0.163576,0.175164,-0.372246,0.203868,-0.099238,0.151452,-0.655246,0.123576,511.691953,18.914845,223.176651,19.466921,375.779803,18.310562,1.156359,0.552076,0.604282
260.243701,0.268657,57.850646,0.261009,0.303654,0.315565,0.567646,0.360062,0.205557,0.284539,0.722424,0.060376,230.155528,19.782312,114.323211,20.193207,175.132998,19.139475,1.053732,0.410894,0.642838
260.369393,0.331006,57.867291,0.304469,0.649897,0.377316,0.072032,0.425682,-0.087983,0.347601,-0.253115,0.021637,195.902753,19.957266,97.390369,20.367252,157.701206,19.253307,1.113945,0.409986,0.703959
260.379449,0.324826,57.880794,0.300003,-0.223515,0.375677,0.153929,0.419407,-0.138708,0.346292,-0.400552,0.046970,204.779504,19.909151,104.348185,20.292330,142.856784,19.360643,0.931686,0.383179,0.548508
260.311228,0.081752,57.869512,0.076952,0.098082,0.104389,-0.114196,0.109673,0.001582,0.084774,0.018656,0.028610,1485.049944,17.758015,626.048530,18.347023,1217.569339,17.034161,1.312862,0.589008,0.723854
260.337167,0.157127,57.876713,0.162328,-0.076737,0.183373,0.132979,0.246384,-0.045820,0.173549,-0.264016,0.027425,535.787616,18.864885,250.654334,19.340855,388.578582,18.274199,1.066656,0.475969,0.590687
260.310738,0.110234,57.870498,0.103435,-0.220818,0.137318,-0.250577,0.144087,0.245718,0.114986,2.136941,0.005191,961.281972,18.230240,433.732144,18.745489,786.754443,17.508297,1.237192,0.515249,0.721943
260.307628,0.152171,57.879367,0.145854,0.155366,0.182127,-0.184999,0.198565,-0.171614,0.166763,-1.029089,-0.033669,622.197111,18.702547,285.341322,19.200130,481.201711,18.042078,1.158052,0.497583,0.660469
260.352594,0.348503,57.881512,0.330139,0.507844,0.396608,-0.360313,0.456546,0.092577,0.389937,0.237414,0.063777,181.551476,20.039867,91.863056,20.430691,117.529527,19.572529,0.858162,0.390823,0.467339
260.166013,0.078853,57.854228,0.076172,0.054819,0.095915,-0.211883,0.109150,-0.136154,0.081207,-1.676620,0.128062,1353.233912,17.858934,564.659002,18.459076,1095.858524,17.148510,1.310566,0.600142,0.710424
260.180730,0.123841,57.845197,0.119209,-0.043138,0.143811,-0.297602,0.169380,0.135730,0.126151,1.075930,0.127121,696.471249,18.580109,333.286360,19.031498,529.794797,17.937626,1.093872,0.451389,0.642483
260.187232,0.348377,57.842926,0.361263,-0.229263,0.409621,0.235710,0.506356,0.374214,0.384370,0.973577,0.139060,173.920407,20.086491,83.610330,20.532892,119.489780,19.554569,0.978323,0.446402,0.531921
260.212237,0.073649,57.852679,0.071607,0.228170,0.088606,-0.141062,0.098948,-0.070702,0.077019,-0.917977,0.158569,1781.412792,17.560455,757.408564,18.140217,1452.553622,16.842566,1.297651,0.579762,0.717890
260.165438,0.115606,57.847221,0.112250,-0.214252,0.139667,0.070469,0.162734,0.099700,0.119614,0.833516,0.126083,846.039012,18.368891,389.996897,18.860889,637.567858,17.736580,1.124310,0.491999,0.632311
260.199665,0.232720,57.860567,0.224102,-0.217128,0.272088,-0.385839,0.319878,0.265155,0.243284,1.089898,0.091437,293.638994,19.517832,128.568795,20.065702,219.614885,18.893742,1.171961,0.547871,0.624090
260.185595,0.130874,57.860972,0.129098,-0.032251,0.156359,-0.140537,0.184742,0.086112,0.137103,0.628082,0.100376,703.957722,18.568501,320.205579,19.074970,540.656035,17.915592,1.159378,0.506470,0.652908
260.183049,0.173436,57.862551,0.169321,0.342476,0.207078,-0.111749,0.236676,0.015842,0.182503,0.086806,0.062914,418.017560,19.134380,192.486498,19.627541,306.426123,18.532082,1.095459,0.493160,0.602299
260.225831,0.244958,57.866513,0.240979,-0.559526,0.304951,-0.096856,0.359865,0.026535,0.257864,0.102903,0.041653,274.710639,19.590178,113.776118,20.198414,199.541972,18.997810,1.200603,0.608236,0.592367
260.258195,0.214163,57.880531,0.201787,0.571413,0.274457,-0.062556,0.290086,-0.330556,0.222775,-1.483808,-0.007653,353.574112,19.316166,161.927235,19.815243,264.876107,18.690289,1.124954,0.499077,0.625877
260.155156,0.224556,57.857956,0.235897,-0.448398,0.272888,0.503810,0.376209,-0.281912,0.238536,-1.181841,0.109092,292.720633,19.521233,119.806149,20.142344,218.765628,18.897947,1.244396,0.621111,0.623285
260.156973,0.181802,57.871263,0.185123,-0.111136,0.218607,-0.635653,0.276653,0.102456,0.192907,0.531116,0.078110,402.215215,19.176220,177.096354,19.718018,302.762398,18.545141,1.172876,0.541798,0.631079
260.163421,0.137698,57.876315,0.134648,0.016495,0.168548,0.062912,0.197227,-0.090176,0.141262,-0.638359,0.102248,602.593183,18.737307,268.168759,19.267521,475.595546,18.054802,1.212719,0.530214,0.682505
260.199076,0.243029,57.890046,0.240727,0.723679,0.298255,0.221126,0.329910,-0.284770,0.258124,-1.103229,0.115849,269.645198,19.610386,111.570092,20.219673,196.503505,19.014469,1.205204,0.609287,0.595917
260.246267,0.189485,57.892954,0.168367,-0.286421,0.207242,0.101718,0.234916,0.252977,0.198130,1.276827,0.049514,439.590573,19.079746,206.142687,19.553122,333.332760,18.440701,1.112421,0.473375,0.639046
260.310632,0.134288,57.903193,0.140412,0.416078,0.162905,0.134416,0.189674,-0.171128,0.158321,-1.080893,-0.023046,660.695507,18.637363,302.912419,19.135250,511.222971,17.976370,1.158880,0.497887,0.660994
260.268482,0.179589,57.896594,0.166847,-0.081633,0.211511,-0.387209,0.239271,0.097087,0.189318,0.512828,-0.009107,560.572266,18.815788,278.217328,19.227581,437.270067,18.146021,1.081560,0.411793,0.669767
260.361147,0.196537,57.923393,0.180914,-0.081290,0.230257,0.128672,0.248935,0.029396,0.206322,0.142478,0.003914,431.547760,19.099794,213.137397,19.516893,306.175978,18.532969,0.983925,0.417099,0.566826
260.324520,0.099293,57.939235,0.102225,0.333634,0.125876,0.146106,0.139324,-0.146685,0.109536,-1.339151,-0.022046,960.433563,18.231199,402.634581,18.826265,739.744546,17.575191,1.251074,0.595066,0.656008
260.462203,0.271642,57.910591,0.245621,-0.283508,0.329951,0.014079,0.346655,-0.162726,0.276247,-0.589060,-0.004933,278.696997,19.574535,133.426156,20.025440,194.630882,19.024866,1.000574,0.450905,0.549669
260.397418,0.172027,57.916445,0.160601,-0.339800,0.204238,-0.223172,0.220174,0.109950,0.184176,0.596985,0.020756,467.884699,19.012020,200.199067,19.584887,343.094637,18.409361,1.175526,0.572866,0.602659
260.411018,0.186323,57.927765,0.167875,0.023693,0.218864,-0.284489,0.228869,-0.067922,0.196851,-0.345040,-0.004408,440.536762,19.077412,208.803628,19.539198,322.739690,18.475765,1.063433,0.461786,0.601646
260.399309,0.208708,57.918293,0.195239,0.135778,0.248380,-0.237508,0.271539,0.155407,0.224037,0.693666,-0.018855,373.841236,19.255650,nan,nan,nan,nan,nan,nan,nan
260.424140,0.167314,57.930755,0.153012,0.054257,0.208965,-0.018536,0.209045,-0.016799,0.174447,-0.096301,-0.003681,542.179842,18.852009,244.426819,19.368170,401.946566,18.237474,1.130695,0.516161,0.614534
260.472114,0.238569,57.933286,0.225660,0.064159,0.287377,-0.104499,0.301060,0.027684,0.255077,0.108531,-0.026341,336.528952,19.369810,152.448838,19.880732,242.576410,18.785774,1.094957,0.510921,0.584036
260.480061,0.222106,57.949807,0.224105,0.412084,0.281432,-0.258848,0.298946,0.091436,0.246534,0.370887,-0.079666,310.520720,19.457140,149.592813,19.901266,229.418944,18.846323,1.054943,0.444126,0.610817
260.527257,0.239201,57.936173,0.234949,0.798691,0.321865,-0.294634,0.297124,-0.566771,0.248897,-2.277134,0.150396,384.009741,19.226511,168.455656,19.772327,290.450266,18.590216,1.182112,0.545816,0.636295
260.546685,0.103357,57.942543,0.092534,0.072846,0.130057,-0.334505,0.119198,0.038234,0.104246,0.366767,0.028439,1121.332214,18.063030,494.358421,18.603437,916.581478,17.342468,1.260969,0.540407,0.720562
260.518770,0.116220,57.954154,0.121771,0.059863,0.150012,-0.205062,0.169135,0.141145,0.130255,1.083608,-0.059826,790.084329,18.443184,346.386008,18.989641,641.131961,17.730528,1.259113,0.546457,0.712656
260.541153,0.201746,57.965499,0.192616,0.021713,0.282914,-0.011814,0.238942,-0.169238,0.228528,-0.740558,-0.068229,395.455152,19.194624,175.714369,19.726524,290.529802,18.589918,1.136606,0.531900,0.604706
260.458090,0.309294,57.971411,0.339031,0.557370,0.401850,-0.826583,0.457163,-0.413010,0.367776,-1.122992,-0.087362,204.908967,19.908464,101.665416,20.320610,140.326887,19.380043,0.940567,0.412146,0.528421
260.412562,0.390190,57.965336,0.408959,0.000320,0.494416,-0.285264,0.633204,0.055722,0.439948,0.126655,-0.043332,171.836022,20.099581,88.498859,20.471197,112.113824,19.623747,0.847450,0.371616,0.475834
260.403334,0.146387,57.976936,0.145402,-0.064389,0.188443,-0.820391,0.197741,-0.146153,0.161303,-0.906081,-0.073150,584.622363,18.770178,272.835509,19.248791,424.066279,18.179312,1.069479,0.478613,0.590866
260.487287,0.080302,57.992722,0.078876,0.097665,0.106001,-0.110088,0.107596,-0.088008,0.087904,-1.001185,-0.054552,1571.102183,17.696856,627.317961,18.344824,1301.533554,16.961758,1.383066,0.647968,0.735098
260.525291,0.178077,58.003272,0.170028,0.212854,0.217339,-0.478415,0.221621,-0.235657,0.198081,-1.189700,-0.109172,561.215417,18.814543,261.030716,19.296814,440.920797,18.136993,1.159821,0.482271,0.677549
260.509536,0.233830,58.021465,0.240785,0.755336,0.289906,-0.781253,0.336034,-0.476615,0.256148,-1.860701,-0.096713,306.485306,19.471342,153.434415,19.873735,222.306366,18.880516,0.993219,0.402393,0.590826
260.522105,0.230581,58.029679,0.206917,-0.353696,0.262172,-0.395932,0.275135,0.194508,0.243030,0.800344,-0.106837,361.695107,19.291510,155.292937,19.860662,279.626212,18.631451,1.229212,0.569153,0.660059
260.147943,0.296388,57.887195,0.317902,0.461608,0.359686,0.039475,0.503965,0.808513,0.320543,2.522320,0.117429,203.538107,19.915752,99.713741,20.341654,146.630643,19.332335,1.009319,0.425901,0.583418
260.166432,0.174099,57.893278,0.177638,0.119009,0.220214,-0.105041,0.249662,-0.039655,0.188435,-0.210446,0.037146,400.389439,19.181160,200.917515,19.580997,292.293477,18.583347,0.997650,0.399837,0.597813
260.198198,0.131129,57.902335,0.136401,0.193620,0.166581,0.114641,0.185335,-0.005616,0.144319,-0.038917,0.053412,609.095766,18.725653,281.154867,19.216179,469.854075,18.067987,1.148191,0.490526,0.657665
260.147173,0.144123,57.902037,0.156282,-0.364398,0.189793,-0.631324,0.241052,0.099284,0.154964,0.640688,0.078831,560.823718,18.815300,255.853284,19.318565,434.928789,18.151850,1.166716,0.503265,0.663450
260.142455,0.051846,57.892190,0.051182,-0.047927,0.065313,-0.176279,0.071888,0.167398,0.054186,3.089334,0.118092,2751.569233,17.088415,1044.781045,17.790979,2405.022819,16.295097,1.495882,0.702564,0.793318
260.186370,0.150290,57.916484,0.148447,0.105957,0.193534,-0.106267,0.206135,0.017910,0.163087,0.109816,0.007593,507.016877,18.924810,239.485707,19.390343,394.455143,18.257902,1.132441,0.465532,0.666908
260.200494,0.108601,57.915686,0.110110,0.039526,0.143240,-0.048692,0.150954,-0.220610,0.119888,-1.840128,-0.043237,860.787082,18.350128,377.550004,18.896107,688.416114,17.653269,1.242838,0.545979,0.696859
260.196971,0.391102,57.923004,0.416008,0.525744,0.496961,0.329438,0.565543,-0.813206,0.461996,-1.760201,-0.042149,167.124625,20.129766,105.625395,20.279121,97.679553,19.773386,0.505735,0.149355,0.356380
260.225751,0.223364,57.922189,0.228537,-0.261753,0.281957,-0.297169,0.321738,0.275031,0.243697,1.128578,-0.046568,298.052998,19.501633,136.034519,20.004419,232.109577,18.833662,1.170757,0.502787,0.667971
260.218802,0.245633,57.919596,0.260811,0.543910,0.307330,0.219596,0.367780,0.093287,0.281298,0.331630,-0.037544,259.657519,19.651365,127.152983,20.077726,201.285972,18.988361,1.089365,0.426361,0.663004
260.220799,0.045671,57.932709,0.042824,0.049763,0.060016,-0.110940,0.058847,-0.027257,0.046825,-0.582100,-0.022850,3744.982962,16.753742,1319.029204,17.537907,3490.125157,15.890793,1.647114,0.784164,0.862949
260.159389,0.185239,57.913402,0.189503,0.283508,0.238710,-0.173797,0.266564,0.309569,0.200524,1.543804,0.059086,365.962750,19.278774,169.414319,19.766167,259.825076,18.711193,1.054974,0.487392,0.567581
260.184509,0.240207,57.923948,0.241913,0.306389,0.308504,-0.815647,0.347803,0.043925,0.260033,0.168923,-0.057363,272.004124,19.600927,132.287199,20.034748,204.429532,18.971537,1.063211,0.433821,0.629391
260.190774,0.118238,57.928110,0.114071,-0.062776,0.152959,-0.357293,0.162511,-0.019361,0.124137,-0.155967,0.010376,823.316757,18.398449,388.039684,18.866352,711.788757,17.617018,1.249334,0.467903,0.781431
260.159725,0.243809,57.925619,0.240641,0.757935,0.322254,0.371550,0.355658,0.123356,0.249869,0.493681,0.114996,281.005500,19.565580,120.741356,20.133902,207.586159,18.954899,1.179003,0.568321,0.610682
260.151294,0.184373,57.927514,0.189460,0.656870,0.253549,-0.026663,0.289017,-0.065900,0.189987,-0.346863,0.153537,438.642406,19.082090,228.147489,19.443003,360.671723,18.355116,1.087887,0.360912,0.726974
260.163326,0.407020,57.932613,0.398497,0.634951,0.581778,-0.769336,0.553653,0.171702,0.460550,0.372819,-0.046580,147.124255,20.268156,76.213761,20.633459,93.830629,19.817034,0.816425,0.365303,0.451122
260.167968,0.108635,57.938361,0.104764,-0.011023,0.142962,0.015321,0.149708,0.093337,0.115878,0.805483,-0.032599,886.091539,18.318670,401.065226,18.830505,700.530383,17.634329,1.196177,0.511835,0.684341
260.220804,0.136017,57.941030,0.133825,0.313540,0.173417,-0.168712,0.183804,-0.536680,0.146725,-3.657739,-0.038497,605.739207,18.731653,274.645590,19.241611,459.641440,18.091848,1.149763,0.509958,0.639805
260.263364,0.090070,57.933141,0.085821,-0.151637,0.113782,-0.308029,0.117518,-0.049747,0.093511,-0.531995,-0.056740,1233.002978,17.959957,501.992591,18.586800,1000.168083,17.247713,1.339087,0.626842,0.712244
260.357606,0.244569,57.971852,0.244761,0.176712,0.307653,0.008857,0.345872,-0.004467,0.271271,-0.016466,-0.088115,278.450702,19.575497,126.896327,20.079920,205.167727,18.967623,1.112297,0.504423,0.607874
260.264781,0.050533,57.952271,0.047296,-0.006591,0.067257,-0.173842,0.065906,-0.032007,0.053962,-0.593148,-0.026097,3211.322210,16.920658,1247.349385,17.598572,2815.157280,16.124140,1.474432,0.677914,0.796518
260.255319,0.121629,57.962038,0.121393,0.019390,0.152106,-0.075786,0.171046,0.147944,0.130485,1.133798,-0.049470,729.156715,18.530315,324.954934,19.058985,575.035761,17.848658,1.210327,0.528669,0.681658
260.322880,0.287143,57.997030,0.313148,-0.077735,0.365613,-0.197371,0.500847,-0.489820,0.334943,-1.462396,-0.084425,235.996746,19.755102,122.751560,20.115974,176.272047,19.132437,0.983538,0.360872,0.622665
260.148224,0.115801,57.935518,0.124311,0.287312,0.149654,-0.196204,0.172325,-0.074392,0.130132,-0.571669,0.066689,736.980309,18.518726,369.667156,18.919016,551.900820,17.893244,1.025772,0.400290,0.625483
260.163446,0.118717,57.957404,0.116932,0.039006,0.148014,-0.134703,0.167204,0.032709,0.129138,0.253286,-0.039427,752.237186,18.496479,346.041416,18.990723,566.169468,17.865530,1.125193,0.494244,0.630949
260.161850,0.191690,57.956790,0.189557,0.401263,0.241553,-0.067608,0.270239,-0.107156,0.209948,-0.510395,-0.037490,404.970052,19.168810,202.713319,19.571337,287.965963,18.599543,0.971794,0.402527,0.569267
260.167676,0.031646,57.959131,0.030840,0.020465,0.041513,-0.159530,0.045568,-0.034436,0.033802,-1.018757,-0.059310,7814.233379,15.955151,2711.735417,16.755424,7351.980307,15.081884,1.673540,0.800274,0.873266
260.195187,0.377701,57.960622,0.388228,-0.369201,0.511636,-0.052669,0.551716,-0.038609,0.454370,-0.084972,-0.015728,183.367706,20.029060,103.072777,20.305683,107.478583,19.669590,0.636093,0.276623,0.359470
260.224280,0.322143,57.961808,0.342080,0.136361,0.402579,-0.413044,0.441869,0.508669,0.362410,1.403573,0.002762,186.596044,20.010111,104.548891,20.290243,98.584547,19.763374,0.526869,0.280132,0.246737
260.223840,0.078849,57.970138,0.074255,0.025783,0.100703,-0.113629,0.102460,0.071280,0.080676,0.883528,-0.097111,1518.757185,17.733646,623.087956,18.352169,1270.614053,16.987862,1.364307,0.618523,0.745785
260.158460,0.388641,57.962661,0.419127,-0.311636,0.528477,-1.546844,0.566843,0.665591,0.440305,1.511660,-0.005719,169.318430,20.115606,102.730656,20.309292,110.557251,19.638927,0.670364,0.193686,0.476679
260.159764,0.341041,57.974191,0.450952,-0.688066,0.435896,-0.126674,0.595397,0.674884,0.443702,1.521030,0.008067,183.189100,20.030117,102.598053,20.310694,125.611207,19.500324,0.810369,0.280577,0.529793
260.171095,0.115224,57.973773,0.116908,0.008748,0.147979,-0.370079,0.165601,-0.088478,0.125801,-0.703321,-0.047729,760.216267,18.485023,342.789813,19.000973,625.067651,17.758078,1.242895,0.515949,0.726946
260.128929,0.215913,57.964921,0.226635,-0.282354,0.272912,-0.244985,0.333818,0.270332,0.244179,1.107106,-0.039795,312.698613,19.449553,157.649690,19.844309,225.910683,18.863054,0.981255,0.394756,0.586498
260.126726,0.173561,57.968152,0.166307,0.088118,0.217530,0.282635,0.247353,-0.198028,0.183438,-1.079536,-0.037568,424.971209,19.116468,198.207736,19.595741,334.375678,18.437309,1.158432,0.479273,0.679159
260.144046,0.119950,57.970149,0.122333,0.038379,0.151944,0.038651,0.170948,0.029445,0.130900,0.224943,-0.041026,716.171069,18.549826,325.931213,19.055727,532.464373,17.932169,1.123558,0.505901,0.617657
260.142122,0.099619,57.972901,0.106270,-0.033586,0.126959,-0.346759,0.148520,0.031994,0.110771,0.288827,-0.022426,978.361534,18.211119,426.560609,18.763590,783.905399,17.512236,1.251354,0.552471,0.698883
260.155865,0.041700,57.986802,0.038930,-0.022963,0.054541,-0.181167,0.056041,-0.026556,0.042664,-0.622441,-0.031715,4571.638118,16.537188,1701.286922,17.261599,4129.541378,15.708141,1.553457,0.724411,0.829046
260.153614,0.338334,57.982108,0.300295,0.366162,0.381408,0.098624,0.434270,0.234789,0.348998,0.672750,-0.044333,220.649300,19.828110,113.189369,20.204027,147.953958,19.322578,0.881449,0.375917,0.505531
260.200836,0.295152,57.984722,0.307377,-0.153931,0.370001,-0.719560,0.423433,0.081232,0.335936,0.241806,-0.057416,207.891637,19.892775,124.060067,20.104462,118.647595,19.562248,0.542213,0.211687,0.330526
260.199068,0.054896,57.998742,0.049039,0.094393,0.065811,-0.029186,0.069917,0.007153,0.054590,0.131024,0.037298,3207.109835,16.922083,1225.270783,17.617962,2849.047553,16.111147,1.506815,0.695879,0.810936
260.234349,0.258580,58.007366,0.215646,0.169806,0.269894,-0.181246,0.294474,-0.096320,0.260771,-0.369364,-0.013905,318.075246,19.431042,154.786973,19.864206,222.597420,18.879095,0.985111,0.433165,0.551947
260.282079,0.374923,58.005840,0.375093,0.186039,0.416739,-0.152620,0.509867,-0.693562,0.427479,-1.622446,-0.061562,180.229290,20.047804,97.953328,20.360994,146.742118,19.331509,1.029486,0.313190,0.716295
260.270127,0.089882,58.033610,0.082396,-0.073278,0.109143,-0.156999,0.120259,-0.124986,0.093779,-1.332769,-0.082173,1403.409040,17.819407,581.479235,18.427206,1165.494201,17.081619,1.345587,0.607800,0.737787
260.342822,0.167281,58.037626,0.146161,-0.088064,0.199276,-0.155157,0.202817,0.217898,0.168357,1.294265,-0.126056,555.325177,18.825998,256.525429,19.315716,429.740326,18.164881,1.150835,0.489717,0.661118
260.482374,0.355974,58.035226,0.307221,0.334936,0.415266,-0.240856,0.420540,0.096432,0.367909,0.262109,-0.080293,216.548074,19.848480,103.498713,20.301205,160.235622,19.235998,1.065207,0.452724,0.612482
260.407377,0.156632,58.014504,0.142871,-0.161962,0.195814,-0.035985,0.203295,0.343307,0.159363,2.154249,0.003130,607.837472,18.727898,277.633796,19.229862,466.050527,18.076813,1.153049,0.501965,0.651085
260.781203,0.444815,57.898700,0.420027,-0.607677,0.525741,0.106426,0.545970,1.109234,0.460756,2.407421,-0.012305,164.256953,20.148558,97.725239,20.363525,79.150862,20.001757,0.361769,0.214968,0.146801
260.967870,0.302611,57.975427,0.293916,0.364104,0.350117,-0.054126,0.344288,-0.282162,0.312745,-0.902210,0.104314,224.552995,19.809071,96.378227,20.378595,153.587959,19.282003,1.096592,0.569525,0.527067
260.682007,0.140653,57.958530,0.130294,0.047036,0.165898,-0.207225,0.159142,-0.082741,0.151353,-0.546675,-0.098987,706.008722,18.565342,321.890548,19.069271,549.065660,17.898834,1.170437,0.503929,0.666508
260.743111,0.143024,58.020606,0.148584,0.217787,0.176580,-0.129399,0.180369,-0.179802,0.155065,-1.159528,0.008524,545.103865,18.846169,248.356237,19.350855,397.826222,18.248661,1.102194,0.504686,0.597507
260.651957,0.241924,58.050956,0.210477,0.291630,0.271581,0.172583,0.272529,-0.022345,0.237769,-0.093978,0.005631,317.670369,19.432425,135.342287,20.009958,241.337902,18.791332,1.218626,0.577534,0.641092
260.621585,0.292422,58.086145,0.258769,0.241395,0.319594,-0.613523,0.319920,0.100149,0.303937,0.329505,-0.011800,258.606473,19.655767,136.267810,20.002560,188.397558,19.060207,0.942352,0.346792,0.595560
261.223207,0.184669,58.291058,0.157445,0.137784,0.261589,0.079752,0.201197,0.033731,0.172107,0.195988,-0.016806,448.597681,19.057724,208.010712,19.543327,353.318332,18.377480,1.165848,0.485603,0.680244
259.727103,0.303627,57.834874,0.348884,0.645882,0.403399,0.584775,0.498657,-0.555185,0.334712,-1.658695,0.166052,176.554140,20.070171,100.515880,20.332956,122.075687,19.531322,0.801634,0.262785,0.538849
259.807807,0.134285,57.865286,0.136960,0.129733,0.187697,-0.092732,0.183584,-0.142936,0.137422,-1.040123,0.140527,582.173537,18.774736,278.779555,19.225389,430.116871,18.163929,1.061460,0.450653,0.610807
259.784252,0.291076,57.880111,0.318275,-0.073414,0.390723,-0.260936,0.433828,-0.222384,0.309272,-0.719055,0.157213,202.928934,19.919006,116.120468,20.176270,132.128017,19.445408,0.730862,0.257263,0.473598
259.852210,0.324656,57.893381,0.360256,-0.565749,0.421412,-0.224288,0.463121,-0.253924,0.347686,-0.730328,0.161466,180.546518,20.045895,118.542542,20.153856,121.357710,19.537727,0.616129,0.107962,0.508167
259.873626,0.184894,57.909825,0.192483,-0.146733,0.242727,0.165893,0.260226,0.131744,0.201165,0.654907,0.093434,365.437416,19.280334,190.595227,19.638262,279.684885,18.631224,1.007038,0.357927,0.649111
259.845388,0.352401,57.903220,0.364141,0.812858,0.509144,0.679152,0.499076,-0.348532,0.371224,-0.938873,0.203162,179.059081,20.054876,100.040273,20.338104,105.003106,19.694891,0.643213,0.283228,0.359985
259.646781,0.301980,57.863231,0.371639,0.087022,0.419595,-0.552802,0.529339,0.275223,0.378212,0.727697,0.135338,202.566314,19.920948,111.499686,20.220358,122.169244,19.530491,0.689867,0.299410,0.390457
259.739948,0.055970,57.903932,0.057553,0.162664,0.074554,-0.198925,0.076653,-0.115934,0.058081,-1.996093,0.147858,2181.802306,17.340328,874.453255,17.984201,1806.295356,16.605923,1.378279,0.643873,0.734406
259.745212,0.111467,57.905936,0.121443,0.055431,0.144459,-0.156226,0.156327,0.076503,0.118730,0.644344,0.128405,743.243417,18.509539,328.160214,19.048326,554.913271,17.887333,1.160994,0.538788,0.622206
259.806630,0.316961,57.899933,0.341479,-0.085111,0.413279,1.097114,0.504936,-0.124424,0.347908,-0.357634,0.120266,172.809219,20.093451,91.600423,20.433798,106.955832,19.674885,0.758913,0.340347,0.418566
259.773218,0.118525,57.899496,0.130919,0.208666,0.157000,-0.249637,0.178292,-0.151192,0.128458,-1.176980,0.101459,659.979589,18.638540,316.053612,19.089140,504.483341,17.990778,1.098362,0.450600,0.647762
259.799399,0.109041,57.907770,0.116398,-0.017673,0.145034,-0.577424,0.155260,0.013169,0.116103,0.113424,0.149603,735.782849,18.520493,354.269179,18.965208,545.297276,17.906313,1.058895,0.444715,0.614180
259.823317,0.069401,57.908923,0.075647,0.246938,0.091743,-0.214597,0.097297,-0.006676,0.074009,-0.090211,0.163863,1536.565149,17.720989,642.716418,18.318493,1248.442913,17.006973,1.311520,0.597504,0.714016
259.845493,0.096427,57.925170,0.101158,0.208336,0.125886,-0.092435,0.134310,-0.067893,0.100549,-0.675218,0.150798,993.826294,18.194090,458.870387,18.684317,775.248747,17.524292,1.160025,0.490227,0.669798
259.851478,0.191965,57.921624,0.194168,-0.054419,0.256497,-0.476422,0.260915,-0.115095,0.201006,-0.572596,0.181366,365.546107,19.280012,160.657579,19.823790,269.787344,18.670341,1.153448,0.543777,0.609671
259.810684,0.302094,57.922933,0.318723,0.291488,0.419518,0.286410,0.486026,0.151030,0.324396,0.465573,0.140734,190.183210,19.989437,107.245164,20.262598,121.576430,19.535772,0.726826,0.273161,0.453665
259.839391,0.113995,57.927103,0.120056,-0.244734,0.157626,-0.250291,0.165720,-0.026149,0.116278,-0.224886,0.187748,788.002901,18.446047,364.388230,18.934631,608.980221,17.786388,1.148243,0.488585,0.659658
259.856890,0.183726,57.951555,0.186791,-0.327158,0.231397,0.296786,0.251237,-0.243473,0.188463,-1.291885,0.162313,378.555648,19.242043,172.053249,19.749386,283.215507,18.617603,1.131783,0.507343,0.624439
259.801885,0.134821,57.939694,0.134375,0.179788,0.168895,-0.109065,0.180692,0.045097,0.139495,0.323289,0.112161,612.957338,18.718792,288.481614,19.188248,459.725740,18.091648,1.096600,0.469456,0.627144
259.812048,0.125944,57.947716,0.133814,-0.227280,0.159218,-0.058583,0.174451,0.163171,0.129366,1.261313,0.203470,715.466783,18.550894,321.104119,19.071928,561.038705,17.875414,1.196514,0.521034,0.675480
259.909184,0.177663,57.897476,0.216946,0.022600,0.239417,0.154030,0.283834,-0.066306,0.209549,-0.316421,0.133561,420.311499,19.128439,187.582228,19.655563,311.803248,18.513193,1.142370,0.527124,0.615246
259.898015,0.257622,57.903113,0.283171,0.160349,0.340033,-0.483042,0.409726,-0.372282,0.276100,-1.348358,0.124032,220.658785,19.828064,91.506113,20.434917,156.264892,19.263243,1.171675,0.606853,0.564821
259.921148,0.335282,57.909344,0.369925,0.483202,0.477975,0.438166,0.583250,-0.051518,0.388028,-0.132769,0.190170,169.281856,20.115841,96.503981,20.377178,102.006556,19.726326,0.650852,0.261337,0.389515
259.924131,0.185165,57.912596,0.208871,0.076402,0.246515,-0.265768,0.312215,0.102673,0.209185,0.490826,0.147590,345.839165,19.340181,162.181792,19.813538,247.824727,18.762533,1.051004,0.473356,0.577648
259.927539,0.314433,57.913743,0.392568,0.107392,0.440764,0.367312,0.749464,-0.615837,0.398085,-1.547000,0.153507,179.944257,20.049522,173.872250,19.737967,182.820872,19.092831,0.645136,-0.311556,0.956692
259.940596,0.118932,57.907694,0.130570,-0.082455,0.153293,0.144887,0.189292,-0.125373,0.129553,-0.967736,0.174734,668.128284,18.625217,308.822860,19.114269,505.355553,17.988903,1.125366,0.489052,0.636314
259.980656,0.223403,57.916490,0.223278,-0.115074,0.319974,-0.635183,0.356918,-0.250802,0.240736,-1.041817,0.117845,335.716269,19.372437,151.395702,19.888258,240.317782,18.795931,1.092327,0.515821,0.576506
259.959493,0.164827,57.922254,0.187492,0.003854,0.222377,-0.359665,0.300010,-0.085381,0.182738,-0.467234,0.129952,433.890375,19.093916,190.866313,19.636719,314.391027,18.504221,1.132498,0.542803,0.589695
259.989370,0.276228,57.941111,0.271695,-0.124108,0.380448,0.073405,0.424826,-0.483001,0.300447,-1.607608,0.088987,230.779810,19.779373,105.484710,20.280569,177.461938,19.125132,1.155437,0.501196,0.654242
259.916247,0.277185,57.923703,0.329229,0.014776,0.374509,0.016952,0.513273,-0.469214,0.334990,-1.400681,0.147116,210.245106,19.880552,117.304673,20.165255,153.196828,19.284771,0.880484,0.284702,0.595781
259.915161,0.247719,57.930800,0.266863,0.533799,0.337051,0.409732,0.408880,-0.421490,0.267634,-1.574877,0.094811,248.110283,19.700754,111.107684,20.224182,159.647783,19.239988,0.984194,0.523428,0.460766
259.949766,0.296888,57.937431,0.321329,-0.077310,0.391479,-0.358873,0.488286,0.196551,0.327492,0.600169,0.089799,198.554280,19.942669,109.908423,20.235964,133.066526,19.437723,0.798241,0.293295,0.504946
259.958494,0.081595,57.944615,0.090399,-0.120153,0.105585,-0.360085,0.133718,0.047154,0.089501,0.526857,0.117774,1212.709584,17.977974,493.523236,18.605272,986.140308,17.263048,1.342224,0.627298,0.714926
259.977423,0.104166,57.951834,0.109161,0.258142,0.135021,0.052072,0.162308,-0.132933,0.111652,-1.190602,0.111277,842.869031,18.372967,366.412961,18.928616,652.590613,17.711294,1.217321,0.555649,0.661673
259.958808,0.203392,57.952867,0.224115,-0.059112,0.264057,0.296929,0.332441,-0.108960,0.223932,-0.486573,0.106015,330.365323,19.389881,152.309753,19.881723,235.221538,18.819202,1.062521,0.491842,0.570679
259.975774,0.473418,57.962383,0.424407,0.293726,0.563146,-0.842424,0.708881,0.539748,0.464063,1.163092,0.231364,146.948574,20.269453,60.429785,20.885414,111.164189,19.632984,1.252430,0.615961,0.636469
260.023941,0.312728,57.935954,0.327279,0.673651,0.408937,-0.006978,0.512020,-0.581058,0.342917,-1.694458,0.048022,181.212785,20.041895,101.257295,20.324976,118.436497,19.564182,0.760794,0.283081,0.477713
260.020969,0.126806,57.938473,0.134352,0.036121,0.169030,-0.186552,0.201102,-0.352320,0.138088,-2.551423,0.094313,614.349769,18.716328,289.081082,19.185993,478.526410,18.048130,1.137863,0.469666,0.668198
260.025964,0.390419,57.938368,0.385958,0.452445,0.539923,-0.698277,0.650988,-0.389801,0.423045,-0.921416,-0.024769,159.584161,20.179892,80.365585,20.575867,113.100599,19.614233,0.961634,0.395975,0.565659
260.045935,0.152750,57.946005,0.154989,-0.179093,0.193457,-0.630846,0.231411,-0.153119,0.167332,-0.915061,0.042101,545.560905,18.845259,239.193088,19.391670,425.355367,18.176016,1.215654,0.546412,0.669243
260.006644,0.074008,57.951264,0.076133,-0.091637,0.097998,-0.272497,0.117152,-0.052324,0.080100,-0.653232,0.065495,1392.046877,17.828232,576.896542,18.435797,1133.440479,17.111898,1.323898,0.607565,0.716333
260.039313,0.236010,57.958847,0.244634,-0.201569,0.301573,-0.163772,0.374189,0.160224,0.260108,0.615991,0.020054,279.744615,19.570463,131.556750,20.040760,204.395716,18.971716,1.069044,0.470297,0.598747
260.098481,0.151319,57.985570,0.138882,0.208317,0.180225,0.048498,0.206777,-0.080426,0.157749,-0.509835,-0.034031,569.070172,18.799452,242.391068,19.377251,417.512612,18.196222,1.181028,0.577799,0.603230
260.084594,0.269069,57.977452,0.227296,0.067144,0.303550,-0.441656,0.348232,-0.191605,0.265664,-0.721232,-0.099270,315.765327,19.438955,164.841753,19.795874,206.883682,18.958580,0.837294,0.356918,0.480375
259.997064,0.245839,57.950493,0.258710,0.633002,0.322677,0.739937,0.401961,-0.501995,0.268905,-1.866807,0.068249,243.154070,19.722664,112.744093,20.208307,185.701353,19.075857,1.132450,0.485643,0.646807
259.995366,0.041094,57.955803,0.041874,-0.021596,0.052735,-0.209948,0.063134,-0.051582,0.043366,-1.189449,0.132027,3981.652977,16.687208,1473.905358,17.417368,3557.434932,15.870053,1.547315,0.730160,0.817155
260.015265,0.321893,57.963839,0.337474,0.046941,0.394233,-0.643159,0.556664,-0.338867,0.347731,-0.974511,0.118743,186.613530,20.010010,96.527552,20.376913,109.847332,19.645922,0.730991,0.366903,0.364088
260.023548,0.223320,57.966228,0.222724,-0.319807,0.266414,-0.444347,0.329184,0.333452,0.243765,1.367924,0.055326,322.849942,19.414865,150.903413,19.891794,254.805145,18.732374,1.159420,0.476929,0.682491
260.006385,0.149687,57.966486,0.140472,0.136235,0.172695,-0.011222,0.223889,0.173955,0.155086,1.121668,0.114857,579.685347,18.779387,255.150667,19.321550,438.969835,18.141809,1.179741,0.542164,0.637577
260.070909,0.060778,57.983880,0.059649,0.029586,0.076985,-0.209930,0.089915,0.104416,0.064447,1.620194,0.010864,2189.845545,17.336332,873.665567,17.985180,1872.165546,16.567036,1.418144,0.648848,0.769297
260.083021,0.145481,57.988164,0.138500,-0.159135,0.175144,-0.411578,0.214496,0.305183,0.158317,1.927668,0.011476,598.510915,18.744686,273.344923,19.246765,456.077207,18.100300,1.146465,0.502079,0.644386
260.055839,0.270701,57.995665,0.262340,-0.066819,0.321102,-0.234233,0.393312,0.088549,0.287156,0.308364,-0.065387,263.117089,19.636993,130.004082,20.053650,198.440983,19.003817,1.049833,0.416656,0.633177
260.074827,0.255918,57.996600,0.247335,0.343891,0.304480,0.051762,0.367782,-0.076135,0.276469,-0.275384,-0.020705,273.203091,19.596153,147.363297,19.917568,200.900919,18.990440,0.927128,0.321415,0.605713
259.888486,0.201688,57.943884,0.203942,-0.141649,0.264270,-0.226836,0.295738,0.022385,0.200665,0.111556,0.186491,361.602435,19.291788,174.726600,19.732645,279.415439,18.632269,1.100376,0.440857,0.659519
259.935943,0.204921,57.956003,0.227327,-0.070622,0.245501,-0.683544,0.335128,0.197591,0.226324,0.873041,0.106677,368.099345,19.272453,171.059426,19.755674,268.427332,18.675829,1.079845,0.483221,0.596624
259.946037,0.365903,57.964102,0.383507,-0.564537,0.484181,-1.082800,0.573569,0.387931,0.395019,0.982056,0.191791,184.231952,20.023954,100.022669,20.338297,112.228070,19.622643,0.715654,0.314342,0.401312
259.960895,0.271099,57.980345,0.269010,-0.092331,0.331423,-0.501435,0.409678,0.201426,0.289969,0.694645,0.080906,248.404085,19.699471,108.856385,20.246407,176.062499,19.133728,1.112679,0.546936,0.565742
259.969908,0.318813,57.981559,0.342444,0.594120,0.372137,0.062711,0.492574,-0.385586,0.347298,-1.110244,0.135241,211.162772,19.875824,108.069288,20.254286,172.624471,19.155140,1.099146,0.378462,0.720684
259.926585,0.046437,57.977133,0.050527,-0.036778,0.059655,-0.163435,0.074756,-0.132014,0.049827,-2.649454,0.174618,3360.062576,16.871498,1241.633333,17.603559,3016.022834,16.049309,1.554251,0.732061,0.822189
259.974152,0.241972,57.999894,0.241248,-0.093327,0.286014,-0.861383,0.344928,-0.297157,0.262065,-1.133906,0.086127,323.508734,19.412651,141.975324,19.958010,230.391645,18.841728,1.116282,0.545359,0.570923
259.945314,0.207427,57.998905,0.208781,-0.093249,0.255815,0.157116,0.347159,0.330774,0.221088,1.496121,0.087848,362.932549,19.287802,165.347544,19.792547,272.775498,18.658382,1.134165,0.504745,0.629419
259.957487,0.172965,58.007404,0.209486,0.467098,0.216763,-0.007735,0.281256,-0.453629,0.210381,-2.156221,0.055694,498.210900,18.943834,219.251252,19.486187,369.680287,18.328329,1.157858,0.542353,0.615505
260.022051,0.278214,57.989967,0.267412,-0.412966,0.339305,-0.532296,0.400708,-0.284881,0.294838,-0.966228,-0.029951,244.603632,19.716209,104.347943,20.292332,177.870893,19.122633,1.169699,0.576122,0.593576
260.024453,0.414302,57.997298,0.341625,-0.047576,0.469335,-0.260039,0.571622,0.284051,0.405250,0.700927,0.137378,184.646009,20.021517,91.509541,20.434875,110.041726,19.644003,0.790873,0.413359,0.377514
260.036039,0.419448,57.999185,0.384573,-0.079232,0.539505,-0.856994,0.623382,0.198858,0.425082,0.467812,0.066354,158.471023,20.187492,66.108988,20.787891,119.250724,19.556744,1.231148,0.600399,0.630749
259.984953,0.106520,57.987776,0.111736,0.153155,0.130061,-0.102032,0.159515,0.028274,0.125318,0.225615,-0.033018,994.610163,18.193235,438.093926,18.734625,786.038244,17.509287,1.225338,0.541389,0.683949
260.083237,0.346420,58.015012,0.346128,0.269284,0.442797,0.665056,0.610161,-0.344157,0.368804,-0.933171,0.014616,212.789047,19.867495,110.256996,20.232527,152.736827,19.288036,0.944490,0.365032,0.579458
260.074938,0.126969,58.019944,0.124934,-0.071535,0.155374,-0.113862,0.195580,0.048231,0.133954,0.360053,-0.044791,785.159294,18.449972,345.904432,18.991152,608.868821,17.786587,1.204565,0.541180,0.663385
260.030072,0.239091,58.017935,0.225559,-0.027222,0.288068,-0.046809,0.349028,0.050234,0.258788,0.194115,0.006699,333.105709,19.380911,166.149455,19.787294,245.920712,18.770908,1.016386,0.406384,0.610003
259.990870,0.255872,58.014291,0.261776,0.024402,0.320454,-0.350774,0.386830,0.107671,0.282802,0.380730,0.102494,283.345329,19.556576,142.968875,19.950438,199.063301,19.000418,0.950020,0.393862,0.556158
259.991260,0.128795,58.022230,0.130511,0.063868,0.177713,-0.215118,0.198255,-0.060406,0.136228,-0.443420,0.111066,729.665766,18.529556,330.433765,19.040831,558.174572,17.880970,1.159861,0.511274,0.648586
260.006338,0.136368,58.025932,0.137656,0.074235,0.171784,-0.333878,0.201287,-0.149807,0.147288,-1.017103,0.030409,630.648058,18.687899,287.462393,19.192089,471.929122,18.063204,1.128885,0.504190,0.624695
260.043561,0.252828,58.044266,0.252629,0.317154,0.300918,-0.289882,0.366244,0.089960,0.268079,0.335571,-0.059073,292.757246,19.521097,151.679227,19.886227,225.225481,18.866352,1.019875,0.365129,0.654745
259.668648,0.190423,57.910912,0.237750,-0.138618,0.266475,-1.111847,0.363403,0.037195,0.232561,0.159938,0.195983,340.612065,19.356716,153.175996,19.875565,237.740201,18.807638,1.067926,0.518848,0.549078
259.685432,0.085201,57.910597,0.104824,0.164436,0.112141,-0.465852,0.154643,0.063848,0.102058,0.625607,0.241941,1239.243812,17.954475,524.613970,18.538942,1009.613948,17.237507,1.301435,0.584467,0.716969
259.706574,0.195795,57.916872,0.239494,-0.129797,0.266658,-0.473667,0.378100,-0.306690,0.235585,-1.301821,0.186137,331.245366,19.386992,153.318061,19.874559,232.365032,18.832468,1.042091,0.487568,0.554523
259.728485,0.308942,57.920655,0.374509,-0.364827,0.427632,0.020546,0.554315,0.180196,0.364635,0.494181,0.175626,178.849600,20.056147,104.393642,20.291857,108.650964,19.657812,0.634045,0.235710,0.398335
259.721199,0.110575,57.922075,0.132300,0.082698,0.149968,0.058930,0.187097,-0.150966,0.128550,-1.174378,0.201597,751.763037,18.497164,332.068591,19.035473,571.964659,17.854473,1.181000,0.538309,0.642691
259.642321,0.319986,57.924001,0.382364,0.302441,0.413609,0.680983,0.564222,-0.022483,0.372170,-0.060412,0.238544,190.790104,19.985977,79.981301,20.581072,134.016306,19.430002,1.151070,0.595095,0.555975
259.692204,0.245018,57.935208,0.291024,0.418329,0.326142,-0.107615,0.472921,0.113520,0.299463,0.379078,0.201866,276.712814,19.582294,135.359183,20.009823,199.280931,18.999231,1.010592,0.427528,0.583063
259.791057,0.187072,57.952961,0.188076,-0.016200,0.239865,0.005328,0.253220,-0.301107,0.189971,-1.585015,0.165634,377.924047,19.243856,167.929785,19.775723,270.341211,18.668116,1.107607,0.531866,0.575741
259.784653,0.097438,57.964049,0.099273,-0.113449,0.124867,-0.034330,0.130713,-0.059182,0.099329,-0.595823,0.188598,975.889722,18.213865,471.305997,18.655285,733.229727,17.584795,1.070490,0.441420,0.629070
259.819204,0.151710,57.969100,0.150716,-0.135261,0.199350,-0.202932,0.202141,0.097621,0.152518,0.640062,0.158895,516.791081,18.904079,233.603197,19.417345,381.093881,18.295315,1.122030,0.513266,0.608765
259.819063,0.327518,57.988933,0.328826,-0.796388,0.396257,-0.515473,0.459158,-0.307132,0.339845,-0.903740,0.172491,192.338656,19.977200,87.575577,20.482584,138.095272,19.397448,1.085136,0.505384,0.579752
259.826999,0.101856,57.990165,0.100328,0.043511,0.125657,-0.041005,0.131730,-0.284842,0.103224,-2.759452,0.154228,1013.560453,18.172743,432.592345,18.748344,802.967385,17.486151,1.262194,0.575602,0.686592
259.833310,0.087068,57.995307,0.101187,0.095345,0.117186,-0.395650,0.132097,0.001898,0.096639,0.019641,0.131873,1137.316194,18.047665,469.961243,18.658386,899.512176,17.362879,1.295507,0.610722,0.684786
259.795052,0.040064,57.988137,0.043006,0.025976,0.052885,-0.179766,0.059668,0.015915,0.042677,0.372922,0.150770,3951.738261,16.695396,1491.044022,17.404816,3540.115682,15.875352,1.529464,0.709419,0.820045
259.840439,0.087499,58.011238,0.089139,0.186791,0.116601,-0.020094,0.117028,-0.060279,0.089009,-0.677222,0.138841,1176.151501,18.011209,511.992283,18.565384,929.711197,17.327024,1.238359,0.554174,0.684185
259.646122,0.336740,57.948481,0.407420,0.875180,0.402427,-0.898992,0.555980,0.944300,0.387479,2.437038,0.262920,183.237862,20.029829,121.596826,20.126236,135.820607,19.415482,0.710754,0.096407,0.614347
259.722756,0.113588,57.973867,0.139490,0.262152,0.155444,0.066421,0.198021,-0.156249,0.130934,-1.193337,0.243403,848.539788,18.365686,402.303562,18.827158,653.569405,17.709665,1.117493,0.461472,0.656021
259.640081,0.166299,57.976866,0.194792,0.518409,0.246314,-0.008842,0.308485,-0.181538,0.188139,-0.964910,0.260744,475.444533,18.994617,215.093803,19.506973,346.528271,18.398548,1.108425,0.512356,0.596069
259.675987,0.043402,57.986089,0.053299,0.061050,0.067541,-0.183288,0.083545,-0.029898,0.054497,-0.548623,0.274624,3800.580055,16.737741,1428.934829,17.451012,3393.290006,15.921343,1.529669,0.713270,0.816399
259.782195,0.141435,58.005457,0.150015,-0.096995,0.190097,-0.532806,0.200894,-0.157644,0.149848,-1.052030,0.125108,612.154284,18.720215,279.139347,19.223989,460.999284,18.088644,1.135345,0.503775,0.631571
259.815302,0.282666,58.028257,0.284859,0.380851,0.380428,-0.482420,0.389348,-0.235635,0.285402,-0.825625,0.048163,227.166258,19.796507,125.991385,20.087690,173.090903,19.152210,0.935480,0.291183,0.644297
259.801068,0.047191,58.049367,0.052385,0.093679,0.064686,-0.100143,0.067515,-0.034284,0.052012,-0.659146,0.083194,3065.452870,16.971130,1212.744763,17.629118,2677.508953,16.178568,1.450550,0.657988,0.792562
259.892345,0.147007,58.008655,0.150533,-0.308981,0.201626,-0.221169,0.212207,0.389425,0.156414,2.489701,0.136368,544.591859,18.847189,257.309780,19.312401,421.689956,18.185411,1.126989,0.465212,0.661777
259.934805,0.229248,58.016181,0.235257,0.059526,0.299505,0.200245,0.348268,0.282003,0.250641,1.125129,0.051807,307.524378,19.467669,141.934406,19.958323,207.960805,18.952942,1.005381,0.490654,0.514727
259.857035,0.133986,58.016684,0.136346,-0.075974,0.181858,-0.491129,0.181631,0.037524,0.136406,0.275092,0.126399,617.744658,18.710344,284.894585,19.201832,479.022668,18.047005,1.154827,0.491488,0.663340
260.025285,0.163061,58.047234,0.183496,0.041073,0.212242,-0.305616,0.291335,-0.110575,0.189628,-0.583117,0.005381,489.748233,18.962435,238.695228,19.393932,359.744457,18.357910,1.036022,0.431498,0.604525
260.067312,0.091489,58.067992,0.093933,0.001118,0.118706,-0.379583,0.142623,-0.033744,0.098682,-0.341944,-0.022040,1118.772091,18.065514,476.512996,18.643354,911.061566,17.349026,1.294329,0.577841,0.716488
260.076977,0.369185,58.076653,0.360192,0.242693,0.457279,-0.513866,0.542720,0.072201,0.397993,0.181412,-0.115932,181.693033,20.039021,92.138797,20.427435,131.171894,19.453293,0.974142,0.388414,0.585728
259.840882,0.081053,58.031155,0.086088,-0.158426,0.108041,-0.191849,0.113389,0.145934,0.084811,1.720703,0.068938,1261.347067,17.935280,547.408288,18.492764,1039.094189,17.206259,1.286505,0.557484,0.729021
259.853831,0.225439,58.041470,0.255182,0.057561,0.296472,0.146988,0.308031,0.185985,0.251295,0.740106,0.081130,312.716633,19.449490,142.465941,19.954264,228.432537,18.851000,1.103264,0.504774,0.598490
259.911774,0.341155,58.080429,0.342746,-0.407874,0.429146,-1.012525,0.513524,0.522303,0.368851,1.416029,0.017368,196.439282,19.954296,101.750627,20.319700,142.743346,19.361506,0.958195,0.365404,0.592791
259.904523,0.140862,58.088904,0.146417,0.099411,0.181925,-0.360234,0.217434,0.292627,0.155782,1.878436,0.004563,602.048653,18.738287,249.506452,19.345839,465.627313,18.077799,1.268040,0.607552,0.660488
259.954478,0.068098,58.075530,0.074171,0.045522,0.089312,-0.268044,0.109151,-0.001234,0.076549,-0.016119,-0.013494,1751.671196,17.578735,684.168075,18.250635,1495.321524,16.811060,1.439575,0.671900,0.767675
259.974301,0.093701,58.112249,0.099617,-0.086740,0.122077,-0.199921,0.148855,-0.016890,0.105819,-0.159614,-0.052795,1120.203931,18.064125,492.888247,18.606670,916.129258,17.343004,1.263666,0.542545,0.721121
259.948048,0.278936,58.097633,0.289678,-0.505861,0.352199,-0.326485,0.435194,0.076225,0.304050,0.250700,0.011967,243.427772,19.721441,110.811417,20.227081,182.641063,19.093899,1.133183,0.505640,0.627542
259.943779,0.110630,58.109240,0.116923,0.310422,0.142654,0.129088,0.172435,-0.343724,0.123607,-2.780784,-0.049570,850.602938,18.363050,397.840577,18.839270,657.379217,17.703356,1.135914,0.476219,0.659695
260.038909,0.376734,58.131161,0.344100,0.034122,0.412905,0.404515,0.499142,0.674379,0.385448,1.749600,0.003122,205.784077,19.903837,116.495190,20.172771,141.082896,19.374210,0.798561,0.268934,0.529627
260.160567,0.181826,58.006777,0.170695,-0.126164,0.226537,-0.448052,0.251392,0.162000,0.188459,0.859602,-0.037838,484.251153,18.974689,224.380132,19.461081,363.905922,18.345423,1.115658,0.486391,0.629267
260.144866,0.061914,57.999103,0.062536,0.002539,0.075096,-0.318913,0.085889,0.149507,0.068349,2.187416,-0.080171,2288.348135,17.288561,893.016597,17.961393,1977.455897,16.507629,1.453764,0.672832,0.780931
260.174248,0.040103,58.006869,0.036791,0.024613,0.050650,-0.157219,0.052166,-0.030155,0.040590,-0.742919,-0.036864,5151.102873,16.407616,1821.951521,17.187201,4782.737919,15.548704,1.638496,0.779585,0.858912
260.171869,0.276694,58.010456,0.256897,0.449311,0.320330,0.561853,0.366885,-0.195822,0.289943,-0.675382,-0.044197,248.222819,19.700262,142.437835,19.954479,179.377752,19.113474,0.841005,0.254217,0.586788
260.133510,0.362678,58.017642,0.346038,-0.317393,0.410545,0.494116,0.570459,0.656961,0.386805,1.698428,-0.091219,187.248424,20.006321,87.014628,20.489561,113.977984,19.605843,0.883718,0.483240,0.400478
260.144382,0.673235,58.010583,0.545726,-0.494126,0.861310,0.542603,0.783760,0.290809,0.653343,0.445109,-0.045047,107.445067,20.609400,48.023531,21.134907,74.058761,20.073954,1.060953,0.525507,0.535446
260.115250,0.338858,58.016500,0.303793,0.011006,0.411409,-0.246139,0.481180,0.056037,0.347096,0.161444,-0.054288,199.919294,19.935230,97.978949,20.360710,131.724862,19.448727,0.911983,0.425480,0.486504
260.235719,0.167554,58.043067,0.153215,0.130824,0.201986,-0.539896,0.214691,0.215747,0.174613,1.235567,-0.121448,523.551787,18.889967,243.129718,19.373947,379.747842,18.299158,1.074789,0.483980,0.590809
260.274166,0.159646,58.081906,0.156761,-0.208925,0.214775,-0.299161,0.240528,-0.140132,0.166134,-0.843485,-0.003056,572.264440,18.793375,263.755268,19.285540,421.251145,18.186543,1.098997,0.492165,0.606833
260.303304,0.212049,58.078041,0.198372,0.559259,0.266130,-0.102404,0.276266,-0.351365,0.220039,-1.596833,-0.125354,382.989212,19.229401,177.185635,19.717470,296.825447,18.566643,1.150827,0.488070,0.662758
260.212399,0.267191,58.080339,0.250256,-0.134547,0.364993,-0.463548,0.347733,0.041193,0.269644,0.152769,-0.152189,282.587248,19.559486,134.308113,20.018286,228.725816,18.849607,1.168678,0.458799,0.709879
260.119800,0.283963,58.066376,0.275196,-0.176705,0.328084,-0.339484,0.460668,-0.302334,0.316553,-0.955083,-0.047674,265.099753,19.628843,128.972602,20.062298,209.346114,18.945734,1.116564,0.433455,0.683109
260.213888,0.366855,58.094570,0.364357,0.190781,0.450093,-0.265115,0.496415,0.030497,0.383709,0.079479,-0.134423,183.405745,20.028835,95.894467,20.384058,115.523015,19.591225,0.792833,0.355223,0.437611
260.352770,0.296414,58.096690,0.282694,0.054535,0.368921,0.018674,0.390045,0.141813,0.307792,0.460744,-0.141166,239.780936,19.737831,112.230798,20.213263,187.374258,19.066120,1.147142,0.475431,0.671711
260.339915,0.225379,58.102280,0.215707,-0.010782,0.281503,0.633831,0.301324,-0.043852,0.236849,-0.185147,-0.139471,349.631182,19.328341,172.596930,19.745960,272.991993,18.657520,1.088440,0.417620,0.670820
260.511950,0.279827,58.143202,0.255800,0.090151,0.342606,-0.734277,0.325279,-0.410454,0.276528,-1.484312,-0.029244,253.989488,19.675327,108.385185,20.251118,197.164404,19.010824,1.240294,0.575790,0.664503
260.384933,0.394556,58.162705,0.374864,-0.307078,0.492372,-0.647479,0.502778,0.251780,0.378606,0.665018,-0.114668,185.304392,20.017653,81.959659,20.554543,109.474496,19.649612,0.904930,0.536890,0.368040
260.133891,0.208357,58.094416,0.201262,0.450709,0.254190,-0.191015,0.295414,-0.185964,0.217669,-0.854345,-0.083093,413.075366,19.147293,196.352230,19.605953,291.950863,18.584621,1.021332,0.458660,0.562672
260.098825,0.121780,58.090048,0.122211,0.136479,0.155259,-0.046290,0.184387,0.072407,0.132761,0.545395,-0.036643,758.174139,18.487944,337.610556,19.017502,574.662413,17.849363,1.168139,0.529558,0.638580
259.614360,0.314799,58.012720,0.377108,0.781134,0.462497,0.090420,0.599318,-0.100314,0.370310,-0.270893,0.208307,191.601389,19.981371,104.324570,20.292576,129.105050,19.470537,0.822039,0.311205,0.510834
259.653025,0.209022,58.045227,0.263935,-0.162675,0.289521,-0.011181,0.391856,-0.120545,0.256286,-0.470353,0.186404,313.823744,19.445652,137.727254,19.990992,238.959306,18.802086,1.188906,0.545340,0.643566
259.717091,0.042249,58.070256,0.054453,-0.057157,0.057357,-0.086229,0.071443,0.047564,0.047747,0.996154,0.114093,3605.932454,16.794823,1334.001779,17.525652,3249.174386,15.968463,1.557189,0.730829,0.826360
259.781099,0.329479,58.096946,0.433457,-0.621463,0.482178,-0.289272,0.541642,0.631597,0.416238,1.517394,0.101320,191.538401,19.981728,109.632942,20.238689,98.566823,19.763569,0.475121,0.256962,0.218159
259.689797,0.132453,58.082284,0.163318,0.362682,0.193211,-0.011047,0.246524,-0.052399,0.159987,-0.327521,0.035262,638.203906,18.674969,290.556436,19.180466,505.600762,17.988377,1.192089,0.505497,0.686592
259.749290,0.141896,58.108120,0.173105,0.130471,0.193097,-0.251017,0.222065,0.077801,0.164510,0.472928,0.011281,606.712415,18.729910,289.758957,19.183451,471.759115,18.063595,1.119856,0.453541,0.666315
259.792231,0.176775,58.135159,0.223997,-0.153668,0.235225,-0.037965,0.287247,-0.224300,0.203940,-1.099836,-0.016625,441.646310,19.074680,207.763298,19.544621,334.447565,18.437075,1.107546,0.469940,0.637606
259.930176,0.321798,58.166113,0.323071,-0.611214,0.396797,-0.888663,0.481879,-0.018875,0.349534,-0.054001,-0.066162,220.562700,19.828537,129.291377,20.059618,153.349611,19.283689,0.775928,0.231081,0.544847
259.981938,0.326330,58.191457,0.334594,-0.297571,0.410685,0.230246,0.492688,0.049108,0.346616,0.141680,-0.157489,218.272830,19.839869,115.141826,20.185459,140.385416,19.379591,0.805868,0.345591,0.460278
259.690984,0.169466,58.125793,0.203031,0.014943,0.225040,-0.437605,0.265533,0.096833,0.196160,0.493644,0.038437,457.377807,19.036678,210.491457,19.530457,343.724650,18.407370,1.123087,0.493778,0.629309
259.733883,0.303662,58.168683,0.382328,-0.493379,0.407656,-0.822556,0.493916,0.281013,0.356317,0.788659,-0.061040,231.409260,19.776415,104.537868,20.290358,161.771186,19.225643,1.064714,0.513943,0.550772
259.822548,0.045078,58.177812,0.060547,-0.040302,0.057289,-0.268978,0.073333,0.019964,0.053601,0.372460,-0.071040,3769.218900,16.746738,1589.719390,17.335241,3117.480653,16.013386,1.321856,0.588503,0.733353
259.820516,0.089512,58.264140,0.122844,0.039942,0.109746,-0.422147,0.149875,0.032776,0.102185,0.320749,-0.280233,1328.221356,17.879190,561.729272,18.464725,1067.356144,17.177122,1.287603,0.585535,0.702068
260.100838,0.205942,58.188994,0.185374,-0.093031,0.268629,0.571334,0.364275,-0.153771,0.216182,-0.711303,-0.086390,453.437204,19.046074,191.767871,19.631603,353.514467,18.376877,1.254726,0.585529,0.669197
260.060497,0.095911,58.214274,0.098573,0.055713,0.121783,-0.417390,0.142611,-0.088549,0.103954,-0.851809,-0.113267,1156.297808,18.029692,492.067622,18.608480,935.092716,17.320759,1.287722,0.578789,0.708933
260.259283,0.048569,58.260622,0.047411,0.152970,0.063467,-0.250912,0.067309,0.076340,0.049022,1.557248,-0.147175,3903.503963,16.708731,1462.959004,17.425463,3492.951027,15.889915,1.535548,0.716732,0.818816
260.114931,0.244987,58.330927,0.258330,0.376046,0.347517,-0.161600,0.410156,0.194925,0.242546,0.803663,-0.191803,329.549842,19.392565,148.035693,19.912626,228.672507,18.849861,1.062765,0.520061,0.542704
260.634244,0.093865,58.296345,0.091353,-0.012045,0.131307,-0.377937,0.120421,-0.157612,0.093365,-1.688126,0.017944,1059.124875,18.124998,474.556290,18.647823,839.838185,17.437407,1.210417,0.522825,0.687592
260.714520,0.367241,58.339784,0.365445,0.483660,0.592566,-0.174061,0.534982,0.923230,0.369783,2.496684,-0.031614,172.436854,20.095791,84.361667,20.523180,125.249621,19.503454,1.019726,0.427389,0.592337
